INSERT INTO Countries (CountryID, Name, Population, AverageSalary)
VALUES
    (1, 'United States', 331002651, 65000.00),
    (2, 'China', 1444216107, 12000.00),
    (3, 'India', 1380004385, 8500.00),
    (4, 'Brazil', 212559417, 18000.00),
    (5, 'Canada', 37742154, 55000.00),
    (6, 'Australia', 25499884, 60000.00),
    (7, 'Germany', 83783942, 70000.00),
    (8, 'Japan', 126476461, 48000.00),
    (9, 'Mexico', 128932753, 12000.00),
    (10, 'France', 65273511, 55000.00),
    (11, 'South Korea', 51269185, 43000.00),
    (12, 'Russia', 145912025, 15000.00),
    (13, 'United Kingdom', 67886011, 62000.00),
    (14, 'Italy', 60461826, 58000.00),
    (15, 'Spain', 46754778, 50000.00),
    (16, 'Netherlands', 17134872, 65000.00),
    (17, 'Argentina', 45195777, 11000.00),
    (18, 'Turkey', 84339067, 15000.00),
    (19, 'Iran', 83992949, 8000.00),
    (20, 'Australia', 25499884, 60000.00),
    (21, 'Indonesia', 273523621, 4000.00),
    (22, 'Poland', 37846611, 18000.00),
    (23, 'Canada', 37742154, 55000.00),
    (24, 'South Africa', 59308690, 12000.00),
    (25, 'Sweden', 10099265, 65000.00),
    (26, 'Switzerland', 8654622, 85000.00),
    (27, 'India', 1380004385, 8500.00),
    (28, 'Saudi Arabia', 34813871, 25000.00),
    (29, 'Vietnam', 97338583, 6000.00),
    (30, 'Egypt', 102334404, 6000.00),
    (31, 'Peru', 32971846, 10000.00),
    (32, 'Chile', 19116201, 18000.00),
    (33, 'Thailand', 69799978, 8000.00),
    (34, 'Greece', 10423054, 18000.00),
    (35, 'Norway', 5421241, 75000.00),
    (36, 'Denmark', 5792202, 70000.00),
    (37, 'Malaysia', 32365999, 12000.00),
    (38, 'Philippines', 109581078, 6000.00),
    (39, 'Nigeria', 206139587, 5000.00),
    (40, 'Ukraine', 43733762, 8000.00),
    (41, 'Israel', 8655535, 40000.00),
    (42, 'Ireland', 4937786, 60000.00),
    (43, 'Austria', 9006398, 70000.00),
    (44, 'Hungary', 9660351, 16000.00),
    (45, 'Finland', 5540720, 62000.00),
    (46, 'Portugal', 10196709, 20000.00),
    (47, 'Czech Republic', 10708981, 25000.00),
    (48, 'Bangladesh', 164689383, 4000.00),
    (49, 'New Zealand', 4822233, 65000.00),
    (50, 'Pakistan', 220892340, 5000.00);

INSERT INTO Libraries (LibraryID, Name, OpeningTime, ClosingTime)
VALUES
    (1, 'City Central Library', '08:00:00', '18:00:00'),
    (2, 'Community Learning Hub', '09:00:00', '17:00:00'),
    (3, 'Downtown Public Library', '10:00:00', '16:00:00'),
    (4, 'Metropolitan Reading Center', '08:30:00', '17:30:00'),
    (5, 'Central City Library', '09:30:00', '16:30:00'),
    (6, 'Digital Learning Hub', '08:45:00', '18:45:00'),
    (7, 'Urban Knowledge Center', '09:15:00', '17:15:00'),
    (8, 'City Heights Reading Lounge', '10:30:00', '16:30:00'),
    (9, 'Learning Plaza', '08:00:00', '18:00:00'),
    (10, 'City Library Hub', '09:00:00', '17:00:00'),
    (11, 'City Library North', '10:00:00', '16:00:00'),
    (12, 'City Library South', '08:30:00', '17:30:00'),
    (13, 'City Library East', '09:30:00', '16:30:00'),
    (14, 'City Library West', '08:45:00', '18:45:00'),
    (15, 'City Library Lounge', '09:15:00', '17:15:00'),
    (16, 'City Library Center', '10:30:00', '16:30:00'),
    (17, 'City Library Square', '08:00:00', '18:00:00'),
    (18, 'City Library Plaza', '09:00:00', '17:00:00'),
    (19, 'City Library Corner', '10:00:00', '16:00:00'),
    (20, 'City Library Avenue', '08:30:00', '17:30:00'),
    (21, 'City Library Junction', '09:30:00', '16:30:00'),
    (22, 'City Library Lounge', '08:45:00', '18:45:00'),
    (23, 'City Library Hall', '09:15:00', '17:15:00'),
    (24, 'City Library Oasis', '10:30:00', '16:30:00'),
    (25, 'City Library Oasis', '08:00:00', '18:00:00'),
    (26, 'City Library Retreat', '09:00:00', '17:00:00'),
    (27, 'City Library Gateway', '10:00:00', '16:00:00'),
    (28, 'City Library Vista', '08:30:00', '17:30:00'),
    (29, 'City Library Summit', '09:30:00', '16:30:00'),
    (30, 'City Library Ridge', '08:45:00', '18:45:00'),
    (31, 'City Library View', '09:15:00', '17:15:00'),
    (32, 'City Library Sky', '10:30:00', '16:30:00'),
    (33, 'City Library Harmony', '08:00:00', '18:00:00'),
    (34, 'City Library Echo', '09:00:00', '17:00:00'),
    (35, 'City Library Serenity', '10:00:00', '16:00:00'),
    (36, 'City Library Pinnacle', '08:30:00', '17:30:00'),
    (37, 'City Library Horizon', '09:30:00', '16:30:00'),
    (38, 'City Library Zenith', '08:45:00', '18:45:00'),
    (39, 'City Library Essence', '09:15:00', '17:15:00'),
    (40, 'City Library Tranquil', '10:30:00', '16:30:00'),
    (41, 'City Library Imagine', '08:00:00', '18:00:00'),
    (42, 'City Library Dream', '09:00:00', '17:00:00'),
    (43, 'City Library Vision', '10:00:00', '16:00:00'),
    (44, 'City Library Utopia', '08:30:00', '17:30:00'),
    (45, 'City Library Harmony', '09:30:00', '16:30:00'),
    (46, 'City Library Tranquility', '08:45:00', '18:45:00'),
    (47, 'City Library Zen', '09:15:00', '17:15:00'),
    (48, 'City Library Bliss', '10:30:00', '16:30:00'),
    (49, 'City Library Zenith', '08:00:00', '18:00:00'),
    (50, 'City Library Paradise', '09:00:00', '17:00:00');


INSERT INTO Books (BookID, Title, DateOfPublishment, BookType)
VALUES
    (1, 'Introduction to Physics', '2022-01-01', 'TEXTBOOK'),
    (2, 'The Art of Painting', '2021-05-15', 'ARTISTIC'),
    (3, 'The Theory of Relativity', '2020-02-28', 'SCIENTIFIC'),
    (4, 'Albert Einstein: A Biography', '2019-11-10', 'BIOGRAPHY'),
    (5, 'Professional Programming in Python', '2023-03-20', 'PROFESSIONAL'),
    (6, 'Mathematics Essentials', '2022-08-05', 'TEXTBOOK'),
    (7, 'Creative Writing Workshop', '2021-12-08', 'ARTISTIC'),
    (8, 'Chemistry for Beginners', '2020-06-30', 'SCIENTIFIC'),
    (9, 'Steve Jobs: The Man Behind Apple', '2019-04-18', 'BIOGRAPHY'),
    (10, 'Web Development Guide', '2023-02-15', 'PROFESSIONAL'),
    (11, 'History of Ancient Civilizations', '2022-09-22', 'TEXTBOOK'),
    (12, 'The Art of Photography', '2021-03-12', 'ARTISTIC'),
    (13, 'Quantum Mechanics Explained', '2020-07-25', 'SCIENTIFIC'),
    (14, 'Jane Austen: A Life', '2019-10-05', 'BIOGRAPHY'),
    (15, 'Business Strategy Mastery', '2023-01-05', 'PROFESSIONAL'),
    (16, 'Computer Science Fundamentals', '2022-04-30', 'TEXTBOOK'),
    (17, 'Modern Art Movements', '2021-08-14', 'ARTISTIC'),
    (18, 'Genetics and Evolution', '2020-01-19', 'SCIENTIFIC'),
    (19, 'Elon Musk: Tesla, SpaceX, and the Quest for a Fantastic Future', '2019-06-08', 'BIOGRAPHY'),
    (20, 'Data Science Essentials', '2023-04-12', 'PROFESSIONAL'), 
    (21, 'Fundamentals of Economics', '2022-10-10', 'TEXTBOOK'),
    (22, 'Creative Arts Exploration', '2021-07-02', 'ARTISTIC'),
    (23, 'Advances in Physics Research', '2020-04-15', 'SCIENTIFIC'),
    (24, 'Great Leaders: An Inspirational Journey', '2019-09-01', 'BIOGRAPHY'),
    (25, 'Financial Planning for Professionals', '2023-05-25', 'PROFESSIONAL'),
    (26, 'Language Learning Guide', '2022-06-20', 'TEXTBOOK'),
    (27, 'The Art of Film-making', '2021-02-14', 'ARTISTIC'),
    (28, 'Environmental Science Explained', '2020-09-08', 'SCIENTIFIC'),
    (29, 'Marie Curie: A Pioneering Scientist', '2019-12-03', 'BIOGRAPHY'),
    (30, 'Marketing Strategies for Success', '2023-03-01', 'PROFESSIONAL'),
    (31, 'Political Science Essentials', '2022-11-15', 'TEXTBOOK'),
    (32, 'Theater and Performance Arts', '2021-06-05', 'ARTISTIC'),
    (33, 'Astrophysics Insights', '2020-03-18', 'SCIENTIFIC'),
    (34, 'Walt Disney: The Magical Dreamer', '2019-08-10', 'BIOGRAPHY'),
    (35, 'Entrepreneurship Handbook', '2023-04-30', 'PROFESSIONAL'),    
    (36, 'Philosophy Fundamentals', '2022-09-12', 'TEXTBOOK'),
    (37, 'Contemporary Art Trends', '2021-04-25', 'ARTISTIC'),
    (38, 'Medical Science Breakthroughs', '2020-10-15', 'SCIENTIFIC'),
    (39, 'Nelson Mandela: A Legacy of Freedom', '2019-11-30', 'BIOGRAPHY'),
    (40, 'Project Management Mastery', '2023-02-28', 'PROFESSIONAL'),  
    (41, 'Digital Marketing Strategies', '2022-08-20', 'PROFESSIONAL'),
    (42, 'Literary Classics Anthology', '2021-03-08', 'ARTISTIC'),
    (43, 'Neuroscience Explorations', '2020-06-22', 'SCIENTIFIC'),
    (44, 'Ada Lovelace: The First Computer Programmer', '2019-12-15', 'BIOGRAPHY'),
    (45, 'Supply Chain Management Guide', '2023-01-10', 'PROFESSIONAL'),
    (46, 'Physics for Beginners', '2022-07-05', 'TEXTBOOK'),
    (47, 'Abstract Art Appreciation', '2021-02-01', 'ARTISTIC'),
    (48, 'Environmental Conservation Practices', '2020-08-18', 'SCIENTIFIC'),
    (49, 'Leonardo da Vinci: Renaissance Polymath', '2019-10-20', 'BIOGRAPHY'),
    (50, 'Statistical Analysis in Business', '2023-03-15', 'PROFESSIONAL');



insert into Copies (CopyID, Code, BookID, LibraryID) values (1, '15127-291', 24, 42);
insert into Copies (CopyID, Code, BookID, LibraryID) values (2, '55289-403', 44, 9);
insert into Copies (CopyID, Code, BookID, LibraryID) values (3, '0527-1635', 19, 34);
insert into Copies (CopyID, Code, BookID, LibraryID) values (4, '0548-3352', 34, 46);
insert into Copies (CopyID, Code, BookID, LibraryID) values (5, '47335-151', 38, 45);
insert into Copies (CopyID, Code, BookID, LibraryID) values (6, '13537-068', 34, 18);
insert into Copies (CopyID, Code, BookID, LibraryID) values (7, '0378-6021', 33, 3);
insert into Copies (CopyID, Code, BookID, LibraryID) values (8, '43063-392', 8, 20);
insert into Copies (CopyID, Code, BookID, LibraryID) values (9, '10056-178', 33, 6);
insert into Copies (CopyID, Code, BookID, LibraryID) values (10, '67877-184', 43, 1);
insert into Copies (CopyID, Code, BookID, LibraryID) values (11, '0573-1928', 10, 35);
insert into Copies (CopyID, Code, BookID, LibraryID) values (12, '68196-604', 18, 40);
insert into Copies (CopyID, Code, BookID, LibraryID) values (13, '63187-025', 33, 12);
insert into Copies (CopyID, Code, BookID, LibraryID) values (14, '49288-0486', 30, 5);
insert into Copies (CopyID, Code, BookID, LibraryID) values (15, '0407-1414', 29, 9);
insert into Copies (CopyID, Code, BookID, LibraryID) values (16, '0406-8725', 46, 42);
insert into Copies (CopyID, Code, BookID, LibraryID) values (17, '75997-021', 17, 6);
insert into Copies (CopyID, Code, BookID, LibraryID) values (18, '51293-617', 7, 37);
insert into Copies (CopyID, Code, BookID, LibraryID) values (19, '10596-132', 4, 29);
insert into Copies (CopyID, Code, BookID, LibraryID) values (20, '62559-166', 29, 3);
insert into Copies (CopyID, Code, BookID, LibraryID) values (21, '35356-762', 39, 34);
insert into Copies (CopyID, Code, BookID, LibraryID) values (22, '0781-6139', 22, 38);
insert into Copies (CopyID, Code, BookID, LibraryID) values (23, '54868-4159', 43, 12);
insert into Copies (CopyID, Code, BookID, LibraryID) values (24, '11673-878', 31, 29);
insert into Copies (CopyID, Code, BookID, LibraryID) values (25, '63347-800', 48, 22);
insert into Copies (CopyID, Code, BookID, LibraryID) values (26, '60505-0206', 17, 47);
insert into Copies (CopyID, Code, BookID, LibraryID) values (27, '59779-074', 6, 34);
insert into Copies (CopyID, Code, BookID, LibraryID) values (28, '18754-062', 43, 9);
insert into Copies (CopyID, Code, BookID, LibraryID) values (29, '49909-010', 5, 10);
insert into Copies (CopyID, Code, BookID, LibraryID) values (30, '65162-835', 44, 38);
insert into Copies (CopyID, Code, BookID, LibraryID) values (31, '25021-659', 31, 15);
insert into Copies (CopyID, Code, BookID, LibraryID) values (32, '76237-296', 15, 40);
insert into Copies (CopyID, Code, BookID, LibraryID) values (33, '61570-045', 24, 40);
insert into Copies (CopyID, Code, BookID, LibraryID) values (34, '57520-0652', 47, 2);
insert into Copies (CopyID, Code, BookID, LibraryID) values (35, '0615-6576', 11, 2);
insert into Copies (CopyID, Code, BookID, LibraryID) values (36, '55714-4475', 18, 30);
insert into Copies (CopyID, Code, BookID, LibraryID) values (37, '55316-190', 21, 47);
insert into Copies (CopyID, Code, BookID, LibraryID) values (38, '49702-216', 49, 12);
insert into Copies (CopyID, Code, BookID, LibraryID) values (39, '0378-1454', 18, 9);
insert into Copies (CopyID, Code, BookID, LibraryID) values (40, '36000-028', 42, 45);
insert into Copies (CopyID, Code, BookID, LibraryID) values (41, '16729-156', 8, 23);
insert into Copies (CopyID, Code, BookID, LibraryID) values (42, '0078-0367', 16, 22);
insert into Copies (CopyID, Code, BookID, LibraryID) values (43, '24623-042', 42, 38);
insert into Copies (CopyID, Code, BookID, LibraryID) values (44, '24338-850', 50, 29);
insert into Copies (CopyID, Code, BookID, LibraryID) values (45, '0378-0060', 7, 33);
insert into Copies (CopyID, Code, BookID, LibraryID) values (46, '0185-0701', 36, 35);
insert into Copies (CopyID, Code, BookID, LibraryID) values (47, '36987-1991', 39, 39);
insert into Copies (CopyID, Code, BookID, LibraryID) values (48, '49967-505', 22, 26);
insert into Copies (CopyID, Code, BookID, LibraryID) values (49, '16729-020', 21, 19);
insert into Copies (CopyID, Code, BookID, LibraryID) values (50, '0378-6899', 35, 3);
insert into Copies (CopyID, Code, BookID, LibraryID) values (51, '49972-006', 17, 47);
insert into Copies (CopyID, Code, BookID, LibraryID) values (52, '68047-143', 25, 1);
insert into Copies (CopyID, Code, BookID, LibraryID) values (53, '0615-4554', 43, 37);
insert into Copies (CopyID, Code, BookID, LibraryID) values (54, '75990-7008', 42, 21);
insert into Copies (CopyID, Code, BookID, LibraryID) values (55, '57237-013', 43, 32);
insert into Copies (CopyID, Code, BookID, LibraryID) values (56, '26550-001', 23, 28);
insert into Copies (CopyID, Code, BookID, LibraryID) values (57, '16590-906', 22, 5);
insert into Copies (CopyID, Code, BookID, LibraryID) values (58, '52257-1220', 38, 36);
insert into Copies (CopyID, Code, BookID, LibraryID) values (59, '20276-814', 29, 38);
insert into Copies (CopyID, Code, BookID, LibraryID) values (60, '52544-220', 30, 38);
insert into Copies (CopyID, Code, BookID, LibraryID) values (61, '57955-5038', 7, 44);
insert into Copies (CopyID, Code, BookID, LibraryID) values (62, '68788-9394', 48, 36);
insert into Copies (CopyID, Code, BookID, LibraryID) values (63, '31722-269', 27, 42);
insert into Copies (CopyID, Code, BookID, LibraryID) values (64, '68088-515', 16, 4);
insert into Copies (CopyID, Code, BookID, LibraryID) values (65, '54575-963', 34, 28);
insert into Copies (CopyID, Code, BookID, LibraryID) values (66, '33992-0129', 34, 24);
insert into Copies (CopyID, Code, BookID, LibraryID) values (67, '58118-1513', 41, 14);
insert into Copies (CopyID, Code, BookID, LibraryID) values (68, '63629-1510', 48, 18);
insert into Copies (CopyID, Code, BookID, LibraryID) values (69, '13668-268', 5, 44);
insert into Copies (CopyID, Code, BookID, LibraryID) values (70, '58411-112', 13, 21);
insert into Copies (CopyID, Code, BookID, LibraryID) values (71, '36987-2523', 42, 7);
insert into Copies (CopyID, Code, BookID, LibraryID) values (72, '0113-0479', 8, 3);
insert into Copies (CopyID, Code, BookID, LibraryID) values (73, '49230-197', 50, 30);
insert into Copies (CopyID, Code, BookID, LibraryID) values (74, '59735-310', 48, 24);
insert into Copies (CopyID, Code, BookID, LibraryID) values (75, '57520-0900', 11, 28);
insert into Copies (CopyID, Code, BookID, LibraryID) values (76, '64011-215', 19, 13);
insert into Copies (CopyID, Code, BookID, LibraryID) values (77, '66129-107', 20, 32);
insert into Copies (CopyID, Code, BookID, LibraryID) values (78, '75940-127', 29, 17);
insert into Copies (CopyID, Code, BookID, LibraryID) values (79, '13668-409', 21, 25);
insert into Copies (CopyID, Code, BookID, LibraryID) values (80, '42421-821', 14, 34);
insert into Copies (CopyID, Code, BookID, LibraryID) values (81, '0085-1519', 5, 20);
insert into Copies (CopyID, Code, BookID, LibraryID) values (82, '0031-8712', 41, 2);
insert into Copies (CopyID, Code, BookID, LibraryID) values (83, '49288-0564', 17, 4);
insert into Copies (CopyID, Code, BookID, LibraryID) values (84, '65044-2035', 1, 26);
insert into Copies (CopyID, Code, BookID, LibraryID) values (85, '37808-829', 16, 28);
insert into Copies (CopyID, Code, BookID, LibraryID) values (86, '55111-565', 7, 32);
insert into Copies (CopyID, Code, BookID, LibraryID) values (87, '65044-3015', 14, 33);
insert into Copies (CopyID, Code, BookID, LibraryID) values (88, '55714-2235', 30, 8);
insert into Copies (CopyID, Code, BookID, LibraryID) values (89, '31722-778', 40, 48);
insert into Copies (CopyID, Code, BookID, LibraryID) values (90, '0039-0053', 44, 12);
insert into Copies (CopyID, Code, BookID, LibraryID) values (91, '59351-0302', 45, 48);
insert into Copies (CopyID, Code, BookID, LibraryID) values (92, '36987-2648', 33, 42);
insert into Copies (CopyID, Code, BookID, LibraryID) values (93, '12823-401', 50, 25);
insert into Copies (CopyID, Code, BookID, LibraryID) values (94, '41268-532', 9, 12);
insert into Copies (CopyID, Code, BookID, LibraryID) values (95, '52584-516', 31, 25);
insert into Copies (CopyID, Code, BookID, LibraryID) values (96, '10477-0641', 6, 21);
insert into Copies (CopyID, Code, BookID, LibraryID) values (97, '50474-805', 30, 50);
insert into Copies (CopyID, Code, BookID, LibraryID) values (98, '66116-452', 36, 31);
insert into Copies (CopyID, Code, BookID, LibraryID) values (99, '59886-337', 9, 40);
insert into Copies (CopyID, Code, BookID, LibraryID) values (100, '36987-1972', 1, 43);
insert into Copies (CopyID, Code, BookID, LibraryID) values (101, '49288-0389', 19, 28);
insert into Copies (CopyID, Code, BookID, LibraryID) values (102, '51346-233', 44, 42);
insert into Copies (CopyID, Code, BookID, LibraryID) values (103, '49349-256', 31, 40);
insert into Copies (CopyID, Code, BookID, LibraryID) values (104, '63214-100', 10, 11);
insert into Copies (CopyID, Code, BookID, LibraryID) values (105, '0941-0424', 6, 20);
insert into Copies (CopyID, Code, BookID, LibraryID) values (106, '48951-8201', 12, 42);
insert into Copies (CopyID, Code, BookID, LibraryID) values (107, '51141-0005', 46, 15);
insert into Copies (CopyID, Code, BookID, LibraryID) values (108, '68428-103', 6, 10);
insert into Copies (CopyID, Code, BookID, LibraryID) values (109, '49643-355', 29, 21);
insert into Copies (CopyID, Code, BookID, LibraryID) values (110, '0310-0213', 12, 9);
insert into Copies (CopyID, Code, BookID, LibraryID) values (111, '63629-4310', 34, 44);
insert into Copies (CopyID, Code, BookID, LibraryID) values (112, '55154-0885', 7, 34);
insert into Copies (CopyID, Code, BookID, LibraryID) values (113, '0049-2710', 11, 30);
insert into Copies (CopyID, Code, BookID, LibraryID) values (114, '29033-013', 38, 14);
insert into Copies (CopyID, Code, BookID, LibraryID) values (115, '36987-3201', 27, 25);
insert into Copies (CopyID, Code, BookID, LibraryID) values (116, '43553-3244', 34, 34);
insert into Copies (CopyID, Code, BookID, LibraryID) values (117, '50845-0183', 16, 8);
insert into Copies (CopyID, Code, BookID, LibraryID) values (118, '49817-0047', 24, 23);
insert into Copies (CopyID, Code, BookID, LibraryID) values (119, '0555-0832', 16, 50);
insert into Copies (CopyID, Code, BookID, LibraryID) values (120, '0054-0250', 33, 27);
insert into Copies (CopyID, Code, BookID, LibraryID) values (121, '57520-0091', 20, 7);
insert into Copies (CopyID, Code, BookID, LibraryID) values (122, '52125-244', 10, 30);
insert into Copies (CopyID, Code, BookID, LibraryID) values (123, '57520-0352', 20, 4);
insert into Copies (CopyID, Code, BookID, LibraryID) values (124, '59667-0027', 39, 6);
insert into Copies (CopyID, Code, BookID, LibraryID) values (125, '41167-7516', 38, 11);
insert into Copies (CopyID, Code, BookID, LibraryID) values (126, '63739-201', 42, 40);
insert into Copies (CopyID, Code, BookID, LibraryID) values (127, '60512-6478', 26, 30);
insert into Copies (CopyID, Code, BookID, LibraryID) values (128, '76325-100', 12, 6);
insert into Copies (CopyID, Code, BookID, LibraryID) values (129, '57664-124', 3, 42);
insert into Copies (CopyID, Code, BookID, LibraryID) values (130, '37808-571', 1, 24);
insert into Copies (CopyID, Code, BookID, LibraryID) values (131, '0615-7666', 7, 15);
insert into Copies (CopyID, Code, BookID, LibraryID) values (132, '58980-440', 38, 44);
insert into Copies (CopyID, Code, BookID, LibraryID) values (133, '67296-0556', 48, 32);
insert into Copies (CopyID, Code, BookID, LibraryID) values (134, '0054-0012', 23, 38);
insert into Copies (CopyID, Code, BookID, LibraryID) values (135, '60760-413', 23, 43);
insert into Copies (CopyID, Code, BookID, LibraryID) values (136, '0173-0845', 45, 22);
insert into Copies (CopyID, Code, BookID, LibraryID) values (137, '48951-3078', 47, 1);
insert into Copies (CopyID, Code, BookID, LibraryID) values (138, '60758-908', 10, 20);
insert into Copies (CopyID, Code, BookID, LibraryID) values (139, '43063-196', 17, 28);
insert into Copies (CopyID, Code, BookID, LibraryID) values (140, '0573-1935', 28, 22);
insert into Copies (CopyID, Code, BookID, LibraryID) values (141, '42421-814', 39, 40);
insert into Copies (CopyID, Code, BookID, LibraryID) values (142, '34666-060', 1, 21);
insert into Copies (CopyID, Code, BookID, LibraryID) values (143, '43596-0004', 45, 35);
insert into Copies (CopyID, Code, BookID, LibraryID) values (144, '63629-3380', 46, 25);
insert into Copies (CopyID, Code, BookID, LibraryID) values (145, '54365-170', 46, 36);
insert into Copies (CopyID, Code, BookID, LibraryID) values (146, '65121-113', 27, 28);
insert into Copies (CopyID, Code, BookID, LibraryID) values (147, '41250-072', 6, 42);
insert into Copies (CopyID, Code, BookID, LibraryID) values (148, '57520-0026', 21, 46);
insert into Copies (CopyID, Code, BookID, LibraryID) values (149, '24909-617', 47, 39);
insert into Copies (CopyID, Code, BookID, LibraryID) values (150, '0574-0820', 31, 10);
insert into Copies (CopyID, Code, BookID, LibraryID) values (151, '42507-489', 23, 19);
insert into Copies (CopyID, Code, BookID, LibraryID) values (152, '67938-1401', 45, 34);
insert into Copies (CopyID, Code, BookID, LibraryID) values (153, '37000-381', 31, 5);
insert into Copies (CopyID, Code, BookID, LibraryID) values (154, '25021-132', 27, 44);
insert into Copies (CopyID, Code, BookID, LibraryID) values (155, '0054-3027', 35, 31);
insert into Copies (CopyID, Code, BookID, LibraryID) values (156, '60432-466', 3, 14);
insert into Copies (CopyID, Code, BookID, LibraryID) values (157, '36987-3440', 42, 28);
insert into Copies (CopyID, Code, BookID, LibraryID) values (158, '55111-356', 45, 18);
insert into Copies (CopyID, Code, BookID, LibraryID) values (159, '29300-125', 46, 32);
insert into Copies (CopyID, Code, BookID, LibraryID) values (160, '11822-0442', 25, 47);
insert into Copies (CopyID, Code, BookID, LibraryID) values (161, '50964-110', 47, 25);
insert into Copies (CopyID, Code, BookID, LibraryID) values (162, '0363-0630', 18, 24);
insert into Copies (CopyID, Code, BookID, LibraryID) values (163, '41163-603', 15, 9);
insert into Copies (CopyID, Code, BookID, LibraryID) values (164, '53808-0911', 13, 36);
insert into Copies (CopyID, Code, BookID, LibraryID) values (165, '36987-1111', 24, 4);
insert into Copies (CopyID, Code, BookID, LibraryID) values (166, '62296-0036', 49, 27);
insert into Copies (CopyID, Code, BookID, LibraryID) values (167, '0093-8343', 7, 27);
insert into Copies (CopyID, Code, BookID, LibraryID) values (168, '0091-3323', 25, 5);
insert into Copies (CopyID, Code, BookID, LibraryID) values (169, '0378-0048', 47, 11);
insert into Copies (CopyID, Code, BookID, LibraryID) values (170, '59779-458', 7, 43);
insert into Copies (CopyID, Code, BookID, LibraryID) values (171, '62011-0165', 7, 16);
insert into Copies (CopyID, Code, BookID, LibraryID) values (172, '47781-103', 37, 10);
insert into Copies (CopyID, Code, BookID, LibraryID) values (173, '16590-588', 22, 29);
insert into Copies (CopyID, Code, BookID, LibraryID) values (174, '65310-002', 7, 20);
insert into Copies (CopyID, Code, BookID, LibraryID) values (175, '48273-006', 34, 24);
insert into Copies (CopyID, Code, BookID, LibraryID) values (176, '54569-5470', 33, 15);
insert into Copies (CopyID, Code, BookID, LibraryID) values (177, '41250-387', 33, 49);
insert into Copies (CopyID, Code, BookID, LibraryID) values (178, '50114-1144', 12, 17);
insert into Copies (CopyID, Code, BookID, LibraryID) values (179, '49371-042', 33, 28);
insert into Copies (CopyID, Code, BookID, LibraryID) values (180, '65255-409', 2, 3);
insert into Copies (CopyID, Code, BookID, LibraryID) values (181, '66184-420', 6, 7);
insert into Copies (CopyID, Code, BookID, LibraryID) values (182, '76485-1024', 35, 8);
insert into Copies (CopyID, Code, BookID, LibraryID) values (183, '50268-334', 30, 36);
insert into Copies (CopyID, Code, BookID, LibraryID) values (184, '36987-3420', 42, 36);
insert into Copies (CopyID, Code, BookID, LibraryID) values (185, '57520-0466', 14, 10);
insert into Copies (CopyID, Code, BookID, LibraryID) values (186, '60344-3001', 35, 34);
insert into Copies (CopyID, Code, BookID, LibraryID) values (187, '49527-037', 23, 34);
insert into Copies (CopyID, Code, BookID, LibraryID) values (188, '51346-159', 7, 37);
insert into Copies (CopyID, Code, BookID, LibraryID) values (189, '0087-2771', 18, 20);
insert into Copies (CopyID, Code, BookID, LibraryID) values (190, '63739-672', 23, 31);
insert into Copies (CopyID, Code, BookID, LibraryID) values (191, '61787-188', 14, 9);
insert into Copies (CopyID, Code, BookID, LibraryID) values (192, '49349-430', 26, 35);
insert into Copies (CopyID, Code, BookID, LibraryID) values (193, '68084-482', 31, 19);
insert into Copies (CopyID, Code, BookID, LibraryID) values (194, '76328-334', 2, 33);
insert into Copies (CopyID, Code, BookID, LibraryID) values (195, '52533-014', 22, 30);
insert into Copies (CopyID, Code, BookID, LibraryID) values (196, '33261-874', 1, 34);
insert into Copies (CopyID, Code, BookID, LibraryID) values (197, '49288-0126', 43, 14);
insert into Copies (CopyID, Code, BookID, LibraryID) values (198, '37000-402', 7, 25);
insert into Copies (CopyID, Code, BookID, LibraryID) values (199, '13925-506', 9, 45);
insert into Copies (CopyID, Code, BookID, LibraryID) values (200, '57520-0484', 42, 46);
insert into Copies (CopyID, Code, BookID, LibraryID) values (201, '51079-487', 18, 18);
insert into Copies (CopyID, Code, BookID, LibraryID) values (202, '0179-1964', 39, 11);
insert into Copies (CopyID, Code, BookID, LibraryID) values (203, '64380-748', 48, 19);
insert into Copies (CopyID, Code, BookID, LibraryID) values (204, '55648-630', 3, 12);
insert into Copies (CopyID, Code, BookID, LibraryID) values (205, '55154-5483', 17, 26);
insert into Copies (CopyID, Code, BookID, LibraryID) values (206, '49288-0844', 30, 24);
insert into Copies (CopyID, Code, BookID, LibraryID) values (207, '49288-0681', 25, 36);
insert into Copies (CopyID, Code, BookID, LibraryID) values (208, '63667-962', 36, 28);
insert into Copies (CopyID, Code, BookID, LibraryID) values (209, '57520-0139', 7, 49);
insert into Copies (CopyID, Code, BookID, LibraryID) values (210, '0067-3999', 22, 10);
insert into Copies (CopyID, Code, BookID, LibraryID) values (211, '0378-1700', 36, 19);
insert into Copies (CopyID, Code, BookID, LibraryID) values (212, '21695-600', 38, 4);
insert into Copies (CopyID, Code, BookID, LibraryID) values (213, '66116-433', 15, 6);
insert into Copies (CopyID, Code, BookID, LibraryID) values (214, '21695-255', 15, 13);
insert into Copies (CopyID, Code, BookID, LibraryID) values (215, '0115-1317', 14, 29);
insert into Copies (CopyID, Code, BookID, LibraryID) values (216, '0206-8852', 30, 19);
insert into Copies (CopyID, Code, BookID, LibraryID) values (217, '36987-2800', 28, 16);
insert into Copies (CopyID, Code, BookID, LibraryID) values (218, '57691-113', 45, 16);
insert into Copies (CopyID, Code, BookID, LibraryID) values (219, '0699-7021', 1, 49);
insert into Copies (CopyID, Code, BookID, LibraryID) values (220, '57520-0495', 18, 6);
insert into Copies (CopyID, Code, BookID, LibraryID) values (221, '48951-8111', 45, 2);
insert into Copies (CopyID, Code, BookID, LibraryID) values (222, '0187-0993', 15, 38);
insert into Copies (CopyID, Code, BookID, LibraryID) values (223, '43846-0026', 23, 16);
insert into Copies (CopyID, Code, BookID, LibraryID) values (224, '29336-323', 25, 36);
insert into Copies (CopyID, Code, BookID, LibraryID) values (225, '69124-002', 20, 44);
insert into Copies (CopyID, Code, BookID, LibraryID) values (226, '36987-1924', 2, 19);
insert into Copies (CopyID, Code, BookID, LibraryID) values (227, '50580-550', 5, 10);
insert into Copies (CopyID, Code, BookID, LibraryID) values (228, '36987-3218', 26, 43);
insert into Copies (CopyID, Code, BookID, LibraryID) values (229, '41595-5510', 6, 37);
insert into Copies (CopyID, Code, BookID, LibraryID) values (230, '51346-134', 49, 7);
insert into Copies (CopyID, Code, BookID, LibraryID) values (231, '0113-0214', 10, 8);
insert into Copies (CopyID, Code, BookID, LibraryID) values (232, '0280-0800', 50, 28);
insert into Copies (CopyID, Code, BookID, LibraryID) values (233, '55315-104', 9, 26);
insert into Copies (CopyID, Code, BookID, LibraryID) values (234, '50114-1195', 13, 10);
insert into Copies (CopyID, Code, BookID, LibraryID) values (235, '51346-023', 21, 21);
insert into Copies (CopyID, Code, BookID, LibraryID) values (236, '64725-8031', 12, 5);
insert into Copies (CopyID, Code, BookID, LibraryID) values (237, '51815-301', 35, 28);
insert into Copies (CopyID, Code, BookID, LibraryID) values (238, '37000-137', 33, 24);
insert into Copies (CopyID, Code, BookID, LibraryID) values (239, '59779-900', 40, 29);
insert into Copies (CopyID, Code, BookID, LibraryID) values (240, '64370-375', 42, 33);
insert into Copies (CopyID, Code, BookID, LibraryID) values (241, '61722-062', 40, 4);
insert into Copies (CopyID, Code, BookID, LibraryID) values (242, '47335-738', 37, 43);
insert into Copies (CopyID, Code, BookID, LibraryID) values (243, '0264-7388', 49, 50);
insert into Copies (CopyID, Code, BookID, LibraryID) values (244, '43553-4134', 45, 9);
insert into Copies (CopyID, Code, BookID, LibraryID) values (245, '0942-6494', 13, 49);
insert into Copies (CopyID, Code, BookID, LibraryID) values (246, '0093-9175', 3, 25);
insert into Copies (CopyID, Code, BookID, LibraryID) values (247, '51009-148', 19, 6);
insert into Copies (CopyID, Code, BookID, LibraryID) values (248, '49349-865', 43, 45);
insert into Copies (CopyID, Code, BookID, LibraryID) values (249, '51346-248', 12, 37);
insert into Copies (CopyID, Code, BookID, LibraryID) values (250, '52125-559', 36, 9);
insert into Copies (CopyID, Code, BookID, LibraryID) values (251, '0378-3566', 44, 20);
insert into Copies (CopyID, Code, BookID, LibraryID) values (252, '0409-5623', 50, 12);
insert into Copies (CopyID, Code, BookID, LibraryID) values (253, '68258-3036', 19, 13);
insert into Copies (CopyID, Code, BookID, LibraryID) values (254, '50114-7040', 7, 5);
insert into Copies (CopyID, Code, BookID, LibraryID) values (255, '50390-703', 7, 50);
insert into Copies (CopyID, Code, BookID, LibraryID) values (256, '47593-506', 30, 20);
insert into Copies (CopyID, Code, BookID, LibraryID) values (257, '65044-5055', 25, 43);
insert into Copies (CopyID, Code, BookID, LibraryID) values (258, '68180-401', 16, 31);
insert into Copies (CopyID, Code, BookID, LibraryID) values (259, '42411-012', 25, 20);
insert into Copies (CopyID, Code, BookID, LibraryID) values (260, '64376-612', 38, 29);
insert into Copies (CopyID, Code, BookID, LibraryID) values (261, '57955-1257', 31, 31);
insert into Copies (CopyID, Code, BookID, LibraryID) values (262, '0378-4515', 17, 9);
insert into Copies (CopyID, Code, BookID, LibraryID) values (263, '14783-150', 16, 30);
insert into Copies (CopyID, Code, BookID, LibraryID) values (264, '67750-1234', 35, 20);
insert into Copies (CopyID, Code, BookID, LibraryID) values (265, '27495-018', 9, 19);
insert into Copies (CopyID, Code, BookID, LibraryID) values (266, '75862-010', 41, 17);
insert into Copies (CopyID, Code, BookID, LibraryID) values (267, '24673-247', 21, 42);
insert into Copies (CopyID, Code, BookID, LibraryID) values (268, '13630-0034', 25, 45);
insert into Copies (CopyID, Code, BookID, LibraryID) values (269, '17630-2013', 10, 39);
insert into Copies (CopyID, Code, BookID, LibraryID) values (270, '49288-0716', 13, 34);
insert into Copies (CopyID, Code, BookID, LibraryID) values (271, '50991-597', 18, 20);
insert into Copies (CopyID, Code, BookID, LibraryID) values (272, '0406-3312', 34, 32);
insert into Copies (CopyID, Code, BookID, LibraryID) values (273, '63539-122', 44, 31);
insert into Copies (CopyID, Code, BookID, LibraryID) values (274, '0955-1026', 40, 21);
insert into Copies (CopyID, Code, BookID, LibraryID) values (275, '68703-098', 31, 23);
insert into Copies (CopyID, Code, BookID, LibraryID) values (276, '0615-7628', 15, 15);
insert into Copies (CopyID, Code, BookID, LibraryID) values (277, '50111-333', 46, 2);
insert into Copies (CopyID, Code, BookID, LibraryID) values (278, '36987-2729', 7, 36);
insert into Copies (CopyID, Code, BookID, LibraryID) values (279, '0378-3856', 22, 9);
insert into Copies (CopyID, Code, BookID, LibraryID) values (280, '52125-192', 50, 35);
insert into Copies (CopyID, Code, BookID, LibraryID) values (281, '54973-1157', 24, 12);
insert into Copies (CopyID, Code, BookID, LibraryID) values (282, '0268-1379', 2, 2);
insert into Copies (CopyID, Code, BookID, LibraryID) values (283, '12213-498', 46, 36);
insert into Copies (CopyID, Code, BookID, LibraryID) values (284, '0113-0306', 1, 15);
insert into Copies (CopyID, Code, BookID, LibraryID) values (285, '65862-023', 9, 45);
insert into Copies (CopyID, Code, BookID, LibraryID) values (286, '52686-291', 2, 8);
insert into Copies (CopyID, Code, BookID, LibraryID) values (287, '51346-092', 50, 8);
insert into Copies (CopyID, Code, BookID, LibraryID) values (288, '37205-378', 9, 2);
insert into Copies (CopyID, Code, BookID, LibraryID) values (289, '49349-370', 24, 14);
insert into Copies (CopyID, Code, BookID, LibraryID) values (290, '0093-4181', 49, 35);
insert into Copies (CopyID, Code, BookID, LibraryID) values (291, '0904-6018', 1, 35);
insert into Copies (CopyID, Code, BookID, LibraryID) values (292, '50458-170', 12, 27);
insert into Copies (CopyID, Code, BookID, LibraryID) values (293, '0440-7655', 3, 47);
insert into Copies (CopyID, Code, BookID, LibraryID) values (294, '57337-046', 18, 13);
insert into Copies (CopyID, Code, BookID, LibraryID) values (295, '62106-003', 24, 21);
insert into Copies (CopyID, Code, BookID, LibraryID) values (296, '64942-1188', 5, 49);
insert into Copies (CopyID, Code, BookID, LibraryID) values (297, '36000-064', 35, 12);
insert into Copies (CopyID, Code, BookID, LibraryID) values (298, '57520-0272', 14, 16);
insert into Copies (CopyID, Code, BookID, LibraryID) values (299, '24385-156', 26, 20);
insert into Copies (CopyID, Code, BookID, LibraryID) values (300, '0268-0858', 33, 20);
insert into Copies (CopyID, Code, BookID, LibraryID) values (301, '58165-031', 1, 27);
insert into Copies (CopyID, Code, BookID, LibraryID) values (302, '57664-347', 50, 5);
insert into Copies (CopyID, Code, BookID, LibraryID) values (303, '63736-594', 19, 9);
insert into Copies (CopyID, Code, BookID, LibraryID) values (304, '53200-005', 9, 4);
insert into Copies (CopyID, Code, BookID, LibraryID) values (305, '0378-2903', 6, 26);
insert into Copies (CopyID, Code, BookID, LibraryID) values (306, '36987-1018', 17, 21);
insert into Copies (CopyID, Code, BookID, LibraryID) values (307, '0173-0777', 23, 42);
insert into Copies (CopyID, Code, BookID, LibraryID) values (308, '57520-1032', 23, 17);
insert into Copies (CopyID, Code, BookID, LibraryID) values (309, '0245-0145', 19, 11);
insert into Copies (CopyID, Code, BookID, LibraryID) values (310, '65437-040', 39, 30);
insert into Copies (CopyID, Code, BookID, LibraryID) values (311, '37808-861', 1, 9);
insert into Copies (CopyID, Code, BookID, LibraryID) values (312, '49967-075', 48, 14);
insert into Copies (CopyID, Code, BookID, LibraryID) values (313, '50222-260', 48, 10);
insert into Copies (CopyID, Code, BookID, LibraryID) values (314, '63629-2883', 43, 29);
insert into Copies (CopyID, Code, BookID, LibraryID) values (315, '37000-072', 28, 40);
insert into Copies (CopyID, Code, BookID, LibraryID) values (316, '68428-040', 10, 26);
insert into Copies (CopyID, Code, BookID, LibraryID) values (317, '43275-160', 19, 16);
insert into Copies (CopyID, Code, BookID, LibraryID) values (318, '52686-315', 5, 42);
insert into Copies (CopyID, Code, BookID, LibraryID) values (319, '0781-5221', 44, 14);
insert into Copies (CopyID, Code, BookID, LibraryID) values (320, '60512-6478', 17, 12);
insert into Copies (CopyID, Code, BookID, LibraryID) values (321, '62756-160', 30, 50);
insert into Copies (CopyID, Code, BookID, LibraryID) values (322, '0228-2801', 8, 11);
insert into Copies (CopyID, Code, BookID, LibraryID) values (323, '11410-603', 18, 8);
insert into Copies (CopyID, Code, BookID, LibraryID) values (324, '37000-819', 39, 38);
insert into Copies (CopyID, Code, BookID, LibraryID) values (325, '14222-425', 1, 19);
insert into Copies (CopyID, Code, BookID, LibraryID) values (326, '10812-355', 12, 22);
insert into Copies (CopyID, Code, BookID, LibraryID) values (327, '37808-009', 3, 45);
insert into Copies (CopyID, Code, BookID, LibraryID) values (328, '49643-308', 44, 35);
insert into Copies (CopyID, Code, BookID, LibraryID) values (329, '57472-003', 27, 4);
insert into Copies (CopyID, Code, BookID, LibraryID) values (330, '55154-2022', 40, 42);
insert into Copies (CopyID, Code, BookID, LibraryID) values (331, '36987-1602', 34, 3);
insert into Copies (CopyID, Code, BookID, LibraryID) values (332, '0378-6270', 15, 49);
insert into Copies (CopyID, Code, BookID, LibraryID) values (333, '16590-160', 12, 33);
insert into Copies (CopyID, Code, BookID, LibraryID) values (334, '55111-640', 28, 44);
insert into Copies (CopyID, Code, BookID, LibraryID) values (335, '76125-900', 14, 49);
insert into Copies (CopyID, Code, BookID, LibraryID) values (336, '43063-412', 20, 20);
insert into Copies (CopyID, Code, BookID, LibraryID) values (337, '59779-526', 43, 12);
insert into Copies (CopyID, Code, BookID, LibraryID) values (338, '0023-4290', 46, 27);
insert into Copies (CopyID, Code, BookID, LibraryID) values (339, '10596-704', 23, 19);
insert into Copies (CopyID, Code, BookID, LibraryID) values (340, '68462-425', 30, 46);
insert into Copies (CopyID, Code, BookID, LibraryID) values (341, '36987-1112', 44, 7);
insert into Copies (CopyID, Code, BookID, LibraryID) values (342, '26509-0004', 48, 39);
insert into Copies (CopyID, Code, BookID, LibraryID) values (343, '61727-302', 33, 28);
insert into Copies (CopyID, Code, BookID, LibraryID) values (344, '50458-552', 5, 50);
insert into Copies (CopyID, Code, BookID, LibraryID) values (345, '53882-001', 25, 19);
insert into Copies (CopyID, Code, BookID, LibraryID) values (346, '49348-960', 30, 46);
insert into Copies (CopyID, Code, BookID, LibraryID) values (347, '52257-1002', 19, 39);
insert into Copies (CopyID, Code, BookID, LibraryID) values (348, '54868-5414', 29, 26);
insert into Copies (CopyID, Code, BookID, LibraryID) values (349, '53014-250', 12, 18);
insert into Copies (CopyID, Code, BookID, LibraryID) values (350, '0268-6314', 6, 1);
insert into Copies (CopyID, Code, BookID, LibraryID) values (351, '11822-0426', 41, 37);
insert into Copies (CopyID, Code, BookID, LibraryID) values (352, '47682-908', 14, 2);
insert into Copies (CopyID, Code, BookID, LibraryID) values (353, '0049-0056', 48, 24);
insert into Copies (CopyID, Code, BookID, LibraryID) values (354, '0093-5248', 14, 30);
insert into Copies (CopyID, Code, BookID, LibraryID) values (355, '42291-381', 44, 17);
insert into Copies (CopyID, Code, BookID, LibraryID) values (356, '43269-801', 30, 22);
insert into Copies (CopyID, Code, BookID, LibraryID) values (357, '41163-291', 23, 10);
insert into Copies (CopyID, Code, BookID, LibraryID) values (358, '49304-0017', 49, 3);
insert into Copies (CopyID, Code, BookID, LibraryID) values (359, '0168-0243', 43, 10);
insert into Copies (CopyID, Code, BookID, LibraryID) values (360, '49288-0765', 1, 12);
insert into Copies (CopyID, Code, BookID, LibraryID) values (361, '0295-1183', 6, 33);
insert into Copies (CopyID, Code, BookID, LibraryID) values (362, '25010-816', 15, 40);
insert into Copies (CopyID, Code, BookID, LibraryID) values (363, '0026-3782', 1, 39);
insert into Copies (CopyID, Code, BookID, LibraryID) values (364, '54575-902', 45, 15);
insert into Copies (CopyID, Code, BookID, LibraryID) values (365, '0283-0871', 45, 42);
insert into Copies (CopyID, Code, BookID, LibraryID) values (366, '24385-190', 49, 29);
insert into Copies (CopyID, Code, BookID, LibraryID) values (367, '57520-0340', 9, 49);
insert into Copies (CopyID, Code, BookID, LibraryID) values (368, '0113-0206', 26, 20);
insert into Copies (CopyID, Code, BookID, LibraryID) values (369, '42903-001', 35, 28);
insert into Copies (CopyID, Code, BookID, LibraryID) values (370, '52125-379', 13, 36);
insert into Copies (CopyID, Code, BookID, LibraryID) values (371, '53041-527', 14, 41);
insert into Copies (CopyID, Code, BookID, LibraryID) values (372, '76358-192', 36, 27);
insert into Copies (CopyID, Code, BookID, LibraryID) values (373, '63323-201', 49, 36);
insert into Copies (CopyID, Code, BookID, LibraryID) values (374, '10678-005', 5, 37);
insert into Copies (CopyID, Code, BookID, LibraryID) values (375, '65044-1540', 32, 36);
insert into Copies (CopyID, Code, BookID, LibraryID) values (376, '0268-0812', 12, 27);
insert into Copies (CopyID, Code, BookID, LibraryID) values (377, '58232-6003', 23, 40);
insert into Copies (CopyID, Code, BookID, LibraryID) values (378, '66336-571', 25, 20);
insert into Copies (CopyID, Code, BookID, LibraryID) values (379, '34690-6001', 45, 2);
insert into Copies (CopyID, Code, BookID, LibraryID) values (380, '63739-468', 31, 13);
insert into Copies (CopyID, Code, BookID, LibraryID) values (381, '62032-101', 26, 28);
insert into Copies (CopyID, Code, BookID, LibraryID) values (382, '63824-281', 41, 44);
insert into Copies (CopyID, Code, BookID, LibraryID) values (383, '63717-325', 14, 15);
insert into Copies (CopyID, Code, BookID, LibraryID) values (384, '51230-418', 39, 18);
insert into Copies (CopyID, Code, BookID, LibraryID) values (385, '67345-6083', 29, 39);
insert into Copies (CopyID, Code, BookID, LibraryID) values (386, '0069-2650', 34, 6);
insert into Copies (CopyID, Code, BookID, LibraryID) values (387, '68788-9931', 34, 34);
insert into Copies (CopyID, Code, BookID, LibraryID) values (388, '62592-188', 12, 2);
insert into Copies (CopyID, Code, BookID, LibraryID) values (389, '76461-114', 19, 27);
insert into Copies (CopyID, Code, BookID, LibraryID) values (390, '63824-339', 15, 6);
insert into Copies (CopyID, Code, BookID, LibraryID) values (391, '55154-6191', 7, 45);
insert into Copies (CopyID, Code, BookID, LibraryID) values (392, '64725-0554', 2, 44);
insert into Copies (CopyID, Code, BookID, LibraryID) values (393, '54868-4478', 9, 50);
insert into Copies (CopyID, Code, BookID, LibraryID) values (394, '0574-7226', 35, 14);
insert into Copies (CopyID, Code, BookID, LibraryID) values (395, '59579-006', 48, 20);
insert into Copies (CopyID, Code, BookID, LibraryID) values (396, '55316-267', 39, 38);
insert into Copies (CopyID, Code, BookID, LibraryID) values (397, '0054-8554', 9, 9);
insert into Copies (CopyID, Code, BookID, LibraryID) values (398, '59886-350', 21, 18);
insert into Copies (CopyID, Code, BookID, LibraryID) values (399, '52125-699', 6, 22);
insert into Copies (CopyID, Code, BookID, LibraryID) values (400, '52125-950', 15, 20);
insert into Copies (CopyID, Code, BookID, LibraryID) values (401, '0054-8858', 47, 31);
insert into Copies (CopyID, Code, BookID, LibraryID) values (402, '63777-209', 17, 39);
insert into Copies (CopyID, Code, BookID, LibraryID) values (403, '33992-5111', 28, 48);
insert into Copies (CopyID, Code, BookID, LibraryID) values (404, '0003-0893', 28, 48);
insert into Copies (CopyID, Code, BookID, LibraryID) values (405, '75921-121', 10, 28);
insert into Copies (CopyID, Code, BookID, LibraryID) values (406, '30142-817', 31, 20);
insert into Copies (CopyID, Code, BookID, LibraryID) values (407, '36987-2178', 49, 6);
insert into Copies (CopyID, Code, BookID, LibraryID) values (408, '55316-055', 9, 48);
insert into Copies (CopyID, Code, BookID, LibraryID) values (409, '37000-333', 10, 34);
insert into Copies (CopyID, Code, BookID, LibraryID) values (410, '39892-0602', 21, 13);
insert into Copies (CopyID, Code, BookID, LibraryID) values (411, '60760-982', 30, 30);
insert into Copies (CopyID, Code, BookID, LibraryID) values (412, '66391-0303', 8, 11);
insert into Copies (CopyID, Code, BookID, LibraryID) values (413, '65841-745', 15, 20);
insert into Copies (CopyID, Code, BookID, LibraryID) values (414, '63517-016', 21, 46);
insert into Copies (CopyID, Code, BookID, LibraryID) values (415, '54868-1050', 11, 34);
insert into Copies (CopyID, Code, BookID, LibraryID) values (416, '36987-2637', 37, 9);
insert into Copies (CopyID, Code, BookID, LibraryID) values (417, '43772-0027', 21, 40);
insert into Copies (CopyID, Code, BookID, LibraryID) values (418, '0049-0520', 36, 40);
insert into Copies (CopyID, Code, BookID, LibraryID) values (419, '58118-0201', 37, 2);
insert into Copies (CopyID, Code, BookID, LibraryID) values (420, '0054-0057', 35, 2);
insert into Copies (CopyID, Code, BookID, LibraryID) values (421, '40046-0036', 47, 43);
insert into Copies (CopyID, Code, BookID, LibraryID) values (422, '48951-3062', 19, 32);
insert into Copies (CopyID, Code, BookID, LibraryID) values (423, '16781-378', 16, 42);
insert into Copies (CopyID, Code, BookID, LibraryID) values (424, '55910-935', 16, 14);
insert into Copies (CopyID, Code, BookID, LibraryID) values (425, '76097-003', 39, 25);
insert into Copies (CopyID, Code, BookID, LibraryID) values (426, '10812-605', 29, 22);
insert into Copies (CopyID, Code, BookID, LibraryID) values (427, '50458-093', 12, 24);
insert into Copies (CopyID, Code, BookID, LibraryID) values (428, '49035-004', 42, 42);
insert into Copies (CopyID, Code, BookID, LibraryID) values (429, '50845-0186', 37, 48);
insert into Copies (CopyID, Code, BookID, LibraryID) values (430, '0884-5493', 15, 12);
insert into Copies (CopyID, Code, BookID, LibraryID) values (431, '55154-6825', 42, 29);
insert into Copies (CopyID, Code, BookID, LibraryID) values (432, '51660-333', 44, 34);
insert into Copies (CopyID, Code, BookID, LibraryID) values (433, '41167-0242', 37, 9);
insert into Copies (CopyID, Code, BookID, LibraryID) values (434, '59316-109', 2, 39);
insert into Copies (CopyID, Code, BookID, LibraryID) values (435, '52125-744', 38, 17);
insert into Copies (CopyID, Code, BookID, LibraryID) values (436, '55045-2386', 49, 34);
insert into Copies (CopyID, Code, BookID, LibraryID) values (437, '33261-871', 27, 46);
insert into Copies (CopyID, Code, BookID, LibraryID) values (438, '63304-132', 25, 2);
insert into Copies (CopyID, Code, BookID, LibraryID) values (439, '0472-1628', 34, 45);
insert into Copies (CopyID, Code, BookID, LibraryID) values (440, '55670-800', 25, 14);
insert into Copies (CopyID, Code, BookID, LibraryID) values (441, '11118-1023', 9, 21);
insert into Copies (CopyID, Code, BookID, LibraryID) values (442, '52125-488', 19, 15);
insert into Copies (CopyID, Code, BookID, LibraryID) values (443, '51452-001', 50, 7);
insert into Copies (CopyID, Code, BookID, LibraryID) values (444, '66184-402', 47, 36);
insert into Copies (CopyID, Code, BookID, LibraryID) values (445, '57520-0268', 13, 11);
insert into Copies (CopyID, Code, BookID, LibraryID) values (446, '43353-903', 33, 36);
insert into Copies (CopyID, Code, BookID, LibraryID) values (447, '41167-0501', 27, 2);
insert into Copies (CopyID, Code, BookID, LibraryID) values (448, '57520-0505', 36, 37);
insert into Copies (CopyID, Code, BookID, LibraryID) values (449, '62106-003', 47, 42);
insert into Copies (CopyID, Code, BookID, LibraryID) values (450, '59779-338', 26, 14);
insert into Copies (CopyID, Code, BookID, LibraryID) values (451, '42254-068', 24, 38);
insert into Copies (CopyID, Code, BookID, LibraryID) values (452, '0259-2102', 43, 44);
insert into Copies (CopyID, Code, BookID, LibraryID) values (453, '41163-811', 50, 16);
insert into Copies (CopyID, Code, BookID, LibraryID) values (454, '68258-7157', 31, 31);
insert into Copies (CopyID, Code, BookID, LibraryID) values (455, '21695-158', 31, 42);
insert into Copies (CopyID, Code, BookID, LibraryID) values (456, '52125-221', 1, 41);
insert into Copies (CopyID, Code, BookID, LibraryID) values (457, '40104-263', 18, 28);
insert into Copies (CopyID, Code, BookID, LibraryID) values (458, '62847-001', 22, 35);
insert into Copies (CopyID, Code, BookID, LibraryID) values (459, '22100-020', 47, 31);
insert into Copies (CopyID, Code, BookID, LibraryID) values (460, '76282-213', 50, 48);
insert into Copies (CopyID, Code, BookID, LibraryID) values (461, '42707-3001', 13, 39);
insert into Copies (CopyID, Code, BookID, LibraryID) values (462, '0536-2525', 30, 1);
insert into Copies (CopyID, Code, BookID, LibraryID) values (463, '55910-199', 21, 16);
insert into Copies (CopyID, Code, BookID, LibraryID) values (464, '68382-200', 39, 8);
insert into Copies (CopyID, Code, BookID, LibraryID) values (465, '52641-700', 17, 1);
insert into Copies (CopyID, Code, BookID, LibraryID) values (466, '50436-6607', 15, 48);
insert into Copies (CopyID, Code, BookID, LibraryID) values (467, '52125-271', 11, 39);
insert into Copies (CopyID, Code, BookID, LibraryID) values (468, '63629-2697', 16, 19);
insert into Copies (CopyID, Code, BookID, LibraryID) values (469, '10544-604', 29, 40);
insert into Copies (CopyID, Code, BookID, LibraryID) values (470, '41190-604', 21, 41);
insert into Copies (CopyID, Code, BookID, LibraryID) values (471, '60681-5200', 26, 17);
insert into Copies (CopyID, Code, BookID, LibraryID) values (472, '37012-484', 40, 22);
insert into Copies (CopyID, Code, BookID, LibraryID) values (473, '36987-2603', 26, 19);
insert into Copies (CopyID, Code, BookID, LibraryID) values (474, '0338-1091', 32, 38);
insert into Copies (CopyID, Code, BookID, LibraryID) values (475, '54868-4451', 4, 9);
insert into Copies (CopyID, Code, BookID, LibraryID) values (476, '57955-8195', 21, 45);
insert into Copies (CopyID, Code, BookID, LibraryID) values (477, '54868-5339', 32, 8);
insert into Copies (CopyID, Code, BookID, LibraryID) values (478, '30707-100', 21, 26);
insert into Copies (CopyID, Code, BookID, LibraryID) values (479, '0536-3757', 13, 31);
insert into Copies (CopyID, Code, BookID, LibraryID) values (480, '68472-119', 6, 23);
insert into Copies (CopyID, Code, BookID, LibraryID) values (481, '50563-501', 4, 39);
insert into Copies (CopyID, Code, BookID, LibraryID) values (482, '46122-125', 30, 30);
insert into Copies (CopyID, Code, BookID, LibraryID) values (483, '52747-711', 50, 24);
insert into Copies (CopyID, Code, BookID, LibraryID) values (484, '10812-106', 18, 42);
insert into Copies (CopyID, Code, BookID, LibraryID) values (485, '68788-9148', 10, 22);
insert into Copies (CopyID, Code, BookID, LibraryID) values (486, '63629-4462', 36, 17);
insert into Copies (CopyID, Code, BookID, LibraryID) values (487, '55253-074', 29, 49);
insert into Copies (CopyID, Code, BookID, LibraryID) values (488, '0869-0299', 43, 30);
insert into Copies (CopyID, Code, BookID, LibraryID) values (489, '57261-786', 9, 34);
insert into Copies (CopyID, Code, BookID, LibraryID) values (490, '42291-318', 18, 33);
insert into Copies (CopyID, Code, BookID, LibraryID) values (491, '51630-003', 44, 46);
insert into Copies (CopyID, Code, BookID, LibraryID) values (492, '66184-445', 18, 46);
insert into Copies (CopyID, Code, BookID, LibraryID) values (493, '42507-203', 40, 13);
insert into Copies (CopyID, Code, BookID, LibraryID) values (494, '49349-341', 42, 39);
insert into Copies (CopyID, Code, BookID, LibraryID) values (495, '61734-300', 12, 39);
insert into Copies (CopyID, Code, BookID, LibraryID) values (496, '0378-8629', 6, 31);
insert into Copies (CopyID, Code, BookID, LibraryID) values (497, '36987-1903', 16, 33);
insert into Copies (CopyID, Code, BookID, LibraryID) values (498, '60760-695', 43, 1);
insert into Copies (CopyID, Code, BookID, LibraryID) values (499, '21695-849', 9, 26);
insert into Copies (CopyID, Code, BookID, LibraryID) values (500, '51138-096', 16, 22);
insert into Copies (CopyID, Code, BookID, LibraryID) values (501, '0093-0314', 46, 36);
insert into Copies (CopyID, Code, BookID, LibraryID) values (502, '68220-160', 25, 43);
insert into Copies (CopyID, Code, BookID, LibraryID) values (503, '54868-5660', 42, 37);
insert into Copies (CopyID, Code, BookID, LibraryID) values (504, '49349-427', 5, 25);
insert into Copies (CopyID, Code, BookID, LibraryID) values (505, '68788-9492', 45, 9);
insert into Copies (CopyID, Code, BookID, LibraryID) values (506, '63776-694', 9, 37);
insert into Copies (CopyID, Code, BookID, LibraryID) values (507, '0781-1407', 50, 27);
insert into Copies (CopyID, Code, BookID, LibraryID) values (508, '55319-600', 16, 10);
insert into Copies (CopyID, Code, BookID, LibraryID) values (509, '52533-172', 11, 37);
insert into Copies (CopyID, Code, BookID, LibraryID) values (510, '0268-1298', 46, 35);
insert into Copies (CopyID, Code, BookID, LibraryID) values (511, '48951-1236', 38, 26);
insert into Copies (CopyID, Code, BookID, LibraryID) values (512, '0904-6347', 5, 19);
insert into Copies (CopyID, Code, BookID, LibraryID) values (513, '54973-2910', 19, 16);
insert into Copies (CopyID, Code, BookID, LibraryID) values (514, '11822-0509', 37, 16);
insert into Copies (CopyID, Code, BookID, LibraryID) values (515, '49852-015', 27, 8);
insert into Copies (CopyID, Code, BookID, LibraryID) values (516, '59623-006', 1, 18);
insert into Copies (CopyID, Code, BookID, LibraryID) values (517, '10157-9831', 11, 37);
insert into Copies (CopyID, Code, BookID, LibraryID) values (518, '49288-0131', 23, 23);
insert into Copies (CopyID, Code, BookID, LibraryID) values (519, '41250-851', 15, 39);
insert into Copies (CopyID, Code, BookID, LibraryID) values (520, '0075-2912', 46, 37);
insert into Copies (CopyID, Code, BookID, LibraryID) values (521, '65517-1000', 30, 48);
insert into Copies (CopyID, Code, BookID, LibraryID) values (522, '63539-221', 15, 39);
insert into Copies (CopyID, Code, BookID, LibraryID) values (523, '0955-1041', 47, 31);
insert into Copies (CopyID, Code, BookID, LibraryID) values (524, '0179-0155', 10, 49);
insert into Copies (CopyID, Code, BookID, LibraryID) values (525, '42195-550', 21, 19);
insert into Copies (CopyID, Code, BookID, LibraryID) values (526, '0268-6208', 49, 11);
insert into Copies (CopyID, Code, BookID, LibraryID) values (527, '0093-1138', 40, 8);
insert into Copies (CopyID, Code, BookID, LibraryID) values (528, '66116-480', 10, 42);
insert into Copies (CopyID, Code, BookID, LibraryID) values (529, '0472-0163', 27, 36);
insert into Copies (CopyID, Code, BookID, LibraryID) values (530, '0228-2059', 40, 22);
insert into Copies (CopyID, Code, BookID, LibraryID) values (531, '0363-0045', 10, 17);
insert into Copies (CopyID, Code, BookID, LibraryID) values (532, '36987-3030', 21, 22);
insert into Copies (CopyID, Code, BookID, LibraryID) values (533, '13533-634', 35, 11);
insert into Copies (CopyID, Code, BookID, LibraryID) values (534, '0093-0840', 33, 7);
insert into Copies (CopyID, Code, BookID, LibraryID) values (535, '0409-0809', 15, 37);
insert into Copies (CopyID, Code, BookID, LibraryID) values (536, '36987-3008', 15, 32);
insert into Copies (CopyID, Code, BookID, LibraryID) values (537, '49873-019', 15, 41);
insert into Copies (CopyID, Code, BookID, LibraryID) values (538, '43251-3333', 44, 46);
insert into Copies (CopyID, Code, BookID, LibraryID) values (539, '0093-0900', 44, 10);
insert into Copies (CopyID, Code, BookID, LibraryID) values (540, '61957-1019', 36, 16);
insert into Copies (CopyID, Code, BookID, LibraryID) values (541, '59779-294', 19, 27);
insert into Copies (CopyID, Code, BookID, LibraryID) values (542, '68703-107', 2, 25);
insert into Copies (CopyID, Code, BookID, LibraryID) values (543, '76237-195', 5, 16);
insert into Copies (CopyID, Code, BookID, LibraryID) values (544, '13537-149', 36, 3);
insert into Copies (CopyID, Code, BookID, LibraryID) values (545, '47682-477', 33, 35);
insert into Copies (CopyID, Code, BookID, LibraryID) values (546, '16714-363', 25, 23);
insert into Copies (CopyID, Code, BookID, LibraryID) values (547, '64942-1302', 33, 27);
insert into Copies (CopyID, Code, BookID, LibraryID) values (548, '12213-005', 10, 33);
insert into Copies (CopyID, Code, BookID, LibraryID) values (549, '10812-413', 42, 23);
insert into Copies (CopyID, Code, BookID, LibraryID) values (550, '59676-570', 29, 10);
insert into Copies (CopyID, Code, BookID, LibraryID) values (551, '37000-329', 5, 43);
insert into Copies (CopyID, Code, BookID, LibraryID) values (552, '55910-946', 24, 39);
insert into Copies (CopyID, Code, BookID, LibraryID) values (553, '76485-1048', 6, 13);
insert into Copies (CopyID, Code, BookID, LibraryID) values (554, '0069-0106', 29, 50);
insert into Copies (CopyID, Code, BookID, LibraryID) values (555, '50181-0022', 35, 23);
insert into Copies (CopyID, Code, BookID, LibraryID) values (556, '42571-104', 27, 24);
insert into Copies (CopyID, Code, BookID, LibraryID) values (557, '58805-004', 19, 37);
insert into Copies (CopyID, Code, BookID, LibraryID) values (558, '64092-115', 26, 46);
insert into Copies (CopyID, Code, BookID, LibraryID) values (559, '0185-0084', 30, 25);
insert into Copies (CopyID, Code, BookID, LibraryID) values (560, '63187-186', 33, 37);
insert into Copies (CopyID, Code, BookID, LibraryID) values (561, '67938-1079', 24, 28);
insert into Copies (CopyID, Code, BookID, LibraryID) values (562, '0904-5758', 48, 47);
insert into Copies (CopyID, Code, BookID, LibraryID) values (563, '51224-153', 44, 5);
insert into Copies (CopyID, Code, BookID, LibraryID) values (564, '65028-006', 9, 29);
insert into Copies (CopyID, Code, BookID, LibraryID) values (565, '64809-105', 40, 32);
insert into Copies (CopyID, Code, BookID, LibraryID) values (566, '64725-1837', 4, 43);
insert into Copies (CopyID, Code, BookID, LibraryID) values (567, '67046-541', 23, 5);
insert into Copies (CopyID, Code, BookID, LibraryID) values (568, '53401-201', 44, 18);
insert into Copies (CopyID, Code, BookID, LibraryID) values (569, '68151-3110', 31, 24);
insert into Copies (CopyID, Code, BookID, LibraryID) values (570, '68084-577', 1, 40);
insert into Copies (CopyID, Code, BookID, LibraryID) values (571, '58118-0163', 25, 38);
insert into Copies (CopyID, Code, BookID, LibraryID) values (572, '68084-649', 44, 27);
insert into Copies (CopyID, Code, BookID, LibraryID) values (573, '0228-3116', 48, 14);
insert into Copies (CopyID, Code, BookID, LibraryID) values (574, '49288-0643', 34, 20);
insert into Copies (CopyID, Code, BookID, LibraryID) values (575, '0186-6040', 48, 37);
insert into Copies (CopyID, Code, BookID, LibraryID) values (576, '63776-165', 39, 40);
insert into Copies (CopyID, Code, BookID, LibraryID) values (577, '68084-461', 2, 41);
insert into Copies (CopyID, Code, BookID, LibraryID) values (578, '54575-443', 33, 22);
insert into Copies (CopyID, Code, BookID, LibraryID) values (579, '52125-243', 30, 46);
insert into Copies (CopyID, Code, BookID, LibraryID) values (580, '52544-291', 33, 46);
insert into Copies (CopyID, Code, BookID, LibraryID) values (581, '63146-301', 44, 12);
insert into Copies (CopyID, Code, BookID, LibraryID) values (582, '53808-0606', 30, 31);
insert into Copies (CopyID, Code, BookID, LibraryID) values (583, '36987-1271', 13, 13);
insert into Copies (CopyID, Code, BookID, LibraryID) values (584, '58118-0047', 35, 40);
insert into Copies (CopyID, Code, BookID, LibraryID) values (585, '54868-5192', 14, 23);
insert into Copies (CopyID, Code, BookID, LibraryID) values (586, '60314-2001', 6, 30);
insert into Copies (CopyID, Code, BookID, LibraryID) values (587, '65293-411', 39, 16);
insert into Copies (CopyID, Code, BookID, LibraryID) values (588, '63187-012', 44, 16);
insert into Copies (CopyID, Code, BookID, LibraryID) values (589, '50436-1265', 29, 8);
insert into Copies (CopyID, Code, BookID, LibraryID) values (590, '50844-411', 36, 4);
insert into Copies (CopyID, Code, BookID, LibraryID) values (591, '41167-0339', 7, 43);
insert into Copies (CopyID, Code, BookID, LibraryID) values (592, '52584-029', 29, 13);
insert into Copies (CopyID, Code, BookID, LibraryID) values (593, '59779-398', 31, 35);
insert into Copies (CopyID, Code, BookID, LibraryID) values (594, '0115-9622', 6, 10);
insert into Copies (CopyID, Code, BookID, LibraryID) values (595, '0173-0836', 28, 31);
insert into Copies (CopyID, Code, BookID, LibraryID) values (596, '0173-0759', 43, 23);
insert into Copies (CopyID, Code, BookID, LibraryID) values (597, '75921-241', 25, 44);
insert into Copies (CopyID, Code, BookID, LibraryID) values (598, '37205-987', 21, 8);
insert into Copies (CopyID, Code, BookID, LibraryID) values (599, '0378-5504', 38, 48);
insert into Copies (CopyID, Code, BookID, LibraryID) values (600, '54868-4652', 9, 44);
insert into Copies (CopyID, Code, BookID, LibraryID) values (601, '49281-414', 23, 44);
insert into Copies (CopyID, Code, BookID, LibraryID) values (602, '53808-0646', 11, 11);
insert into Copies (CopyID, Code, BookID, LibraryID) values (603, '50945-002', 10, 34);
insert into Copies (CopyID, Code, BookID, LibraryID) values (604, '60575-616', 6, 8);
insert into Copies (CopyID, Code, BookID, LibraryID) values (605, '57844-009', 31, 21);
insert into Copies (CopyID, Code, BookID, LibraryID) values (606, '68745-1049', 6, 24);
insert into Copies (CopyID, Code, BookID, LibraryID) values (607, '59970-040', 19, 14);
insert into Copies (CopyID, Code, BookID, LibraryID) values (608, '40032-551', 46, 30);
insert into Copies (CopyID, Code, BookID, LibraryID) values (609, '61715-121', 17, 11);
insert into Copies (CopyID, Code, BookID, LibraryID) values (610, '68084-322', 48, 30);
insert into Copies (CopyID, Code, BookID, LibraryID) values (611, '53808-0594', 21, 34);
insert into Copies (CopyID, Code, BookID, LibraryID) values (612, '0009-0280', 26, 46);
insert into Copies (CopyID, Code, BookID, LibraryID) values (613, '57691-825', 4, 29);
insert into Copies (CopyID, Code, BookID, LibraryID) values (614, '52584-308', 13, 8);
insert into Copies (CopyID, Code, BookID, LibraryID) values (615, '48951-7002', 11, 47);
insert into Copies (CopyID, Code, BookID, LibraryID) values (616, '0363-0546', 38, 8);
insert into Copies (CopyID, Code, BookID, LibraryID) values (617, '0113-2365', 27, 48);
insert into Copies (CopyID, Code, BookID, LibraryID) values (618, '42743-4700', 44, 24);
insert into Copies (CopyID, Code, BookID, LibraryID) values (619, '61010-2111', 37, 49);
insert into Copies (CopyID, Code, BookID, LibraryID) values (620, '33261-332', 33, 46);
insert into Copies (CopyID, Code, BookID, LibraryID) values (621, '55560-0102', 28, 20);
insert into Copies (CopyID, Code, BookID, LibraryID) values (622, '0409-7972', 15, 13);
insert into Copies (CopyID, Code, BookID, LibraryID) values (623, '0006-3395', 36, 11);
insert into Copies (CopyID, Code, BookID, LibraryID) values (624, '53135-835', 26, 30);
insert into Copies (CopyID, Code, BookID, LibraryID) values (625, '10191-1602', 28, 14);
insert into Copies (CopyID, Code, BookID, LibraryID) values (626, '49349-832', 13, 5);
insert into Copies (CopyID, Code, BookID, LibraryID) values (627, '0093-2068', 8, 44);
insert into Copies (CopyID, Code, BookID, LibraryID) values (628, '76468-121', 22, 43);
insert into Copies (CopyID, Code, BookID, LibraryID) values (629, '0409-4274', 46, 50);
insert into Copies (CopyID, Code, BookID, LibraryID) values (630, '55316-155', 27, 6);
insert into Copies (CopyID, Code, BookID, LibraryID) values (631, '0173-0442', 38, 28);
insert into Copies (CopyID, Code, BookID, LibraryID) values (632, '55289-075', 47, 34);
insert into Copies (CopyID, Code, BookID, LibraryID) values (633, '0406-0123', 6, 38);
insert into Copies (CopyID, Code, BookID, LibraryID) values (634, '52862-100', 2, 1);
insert into Copies (CopyID, Code, BookID, LibraryID) values (635, '13913-006', 15, 10);
insert into Copies (CopyID, Code, BookID, LibraryID) values (636, '16590-292', 38, 28);
insert into Copies (CopyID, Code, BookID, LibraryID) values (637, '33992-8685', 34, 19);
insert into Copies (CopyID, Code, BookID, LibraryID) values (638, '51523-103', 48, 34);
insert into Copies (CopyID, Code, BookID, LibraryID) values (639, '52533-120', 9, 11);
insert into Copies (CopyID, Code, BookID, LibraryID) values (640, '58668-2921', 27, 45);
insert into Copies (CopyID, Code, BookID, LibraryID) values (641, '53063-1111', 16, 16);
insert into Copies (CopyID, Code, BookID, LibraryID) values (642, '55289-618', 7, 39);
insert into Copies (CopyID, Code, BookID, LibraryID) values (643, '43857-0089', 7, 20);
insert into Copies (CopyID, Code, BookID, LibraryID) values (644, '0363-0130', 1, 5);
insert into Copies (CopyID, Code, BookID, LibraryID) values (645, '51393-6447', 5, 33);
insert into Copies (CopyID, Code, BookID, LibraryID) values (646, '37205-536', 44, 32);
insert into Copies (CopyID, Code, BookID, LibraryID) values (647, '52204-114', 41, 19);
insert into Copies (CopyID, Code, BookID, LibraryID) values (648, '52685-407', 40, 12);
insert into Copies (CopyID, Code, BookID, LibraryID) values (649, '0904-6136', 19, 27);
insert into Copies (CopyID, Code, BookID, LibraryID) values (650, '62175-190', 22, 5);
insert into Copies (CopyID, Code, BookID, LibraryID) values (651, '60512-6160', 24, 7);
insert into Copies (CopyID, Code, BookID, LibraryID) values (652, '11822-0595', 21, 34);
insert into Copies (CopyID, Code, BookID, LibraryID) values (653, '68472-134', 27, 27);
insert into Copies (CopyID, Code, BookID, LibraryID) values (654, '0179-0141', 10, 25);
insert into Copies (CopyID, Code, BookID, LibraryID) values (655, '76439-122', 8, 34);
insert into Copies (CopyID, Code, BookID, LibraryID) values (656, '64058-342', 18, 49);
insert into Copies (CopyID, Code, BookID, LibraryID) values (657, '53270-3500', 34, 45);
insert into Copies (CopyID, Code, BookID, LibraryID) values (658, '63776-370', 20, 17);
insert into Copies (CopyID, Code, BookID, LibraryID) values (659, '21130-252', 28, 9);
insert into Copies (CopyID, Code, BookID, LibraryID) values (660, '58232-0504', 46, 25);
insert into Copies (CopyID, Code, BookID, LibraryID) values (661, '0641-6014', 49, 44);
insert into Copies (CopyID, Code, BookID, LibraryID) values (662, '0173-0387', 21, 42);
insert into Copies (CopyID, Code, BookID, LibraryID) values (663, '0409-7600', 31, 7);
insert into Copies (CopyID, Code, BookID, LibraryID) values (664, '0268-6601', 28, 27);
insert into Copies (CopyID, Code, BookID, LibraryID) values (665, '59762-0046', 14, 17);
insert into Copies (CopyID, Code, BookID, LibraryID) values (666, '21695-864', 18, 2);
insert into Copies (CopyID, Code, BookID, LibraryID) values (667, '62756-529', 43, 44);
insert into Copies (CopyID, Code, BookID, LibraryID) values (668, '48878-3100', 7, 27);
insert into Copies (CopyID, Code, BookID, LibraryID) values (669, '16590-408', 27, 6);
insert into Copies (CopyID, Code, BookID, LibraryID) values (670, '57520-0273', 50, 50);
insert into Copies (CopyID, Code, BookID, LibraryID) values (671, '64578-0091', 1, 38);
insert into Copies (CopyID, Code, BookID, LibraryID) values (672, '49035-341', 19, 15);
insert into Copies (CopyID, Code, BookID, LibraryID) values (673, '64117-133', 27, 28);
insert into Copies (CopyID, Code, BookID, LibraryID) values (674, '0462-0395', 4, 30);
insert into Copies (CopyID, Code, BookID, LibraryID) values (675, '58232-9814', 28, 37);
insert into Copies (CopyID, Code, BookID, LibraryID) values (676, '0378-4775', 3, 45);
insert into Copies (CopyID, Code, BookID, LibraryID) values (677, '55118-610', 41, 39);
insert into Copies (CopyID, Code, BookID, LibraryID) values (678, '68084-203', 26, 8);
insert into Copies (CopyID, Code, BookID, LibraryID) values (679, '63323-490', 44, 46);
insert into Copies (CopyID, Code, BookID, LibraryID) values (680, '0591-5382', 18, 41);
insert into Copies (CopyID, Code, BookID, LibraryID) values (681, '49999-277', 42, 22);
insert into Copies (CopyID, Code, BookID, LibraryID) values (682, '49781-116', 22, 49);
insert into Copies (CopyID, Code, BookID, LibraryID) values (683, '58411-211', 25, 45);
insert into Copies (CopyID, Code, BookID, LibraryID) values (684, '50419-452', 33, 41);
insert into Copies (CopyID, Code, BookID, LibraryID) values (685, '49288-0943', 42, 35);
insert into Copies (CopyID, Code, BookID, LibraryID) values (686, '29033-004', 15, 1);
insert into Copies (CopyID, Code, BookID, LibraryID) values (687, '0409-6648', 14, 8);
insert into Copies (CopyID, Code, BookID, LibraryID) values (688, '56062-678', 37, 35);
insert into Copies (CopyID, Code, BookID, LibraryID) values (689, '11523-7227', 35, 4);
insert into Copies (CopyID, Code, BookID, LibraryID) values (690, '13668-086', 9, 13);
insert into Copies (CopyID, Code, BookID, LibraryID) values (691, '58118-5135', 50, 34);
insert into Copies (CopyID, Code, BookID, LibraryID) values (692, '0245-0881', 32, 39);
insert into Copies (CopyID, Code, BookID, LibraryID) values (693, '63833-825', 49, 10);
insert into Copies (CopyID, Code, BookID, LibraryID) values (694, '36800-737', 24, 31);
insert into Copies (CopyID, Code, BookID, LibraryID) values (695, '55154-3378', 15, 12);
insert into Copies (CopyID, Code, BookID, LibraryID) values (696, '10019-163', 27, 10);
insert into Copies (CopyID, Code, BookID, LibraryID) values (697, '0268-1339', 38, 35);
insert into Copies (CopyID, Code, BookID, LibraryID) values (698, '68788-9708', 20, 48);
insert into Copies (CopyID, Code, BookID, LibraryID) values (699, '60367-002', 17, 31);
insert into Copies (CopyID, Code, BookID, LibraryID) values (700, '55154-2051', 26, 11);
insert into Copies (CopyID, Code, BookID, LibraryID) values (701, '16837-298', 23, 29);
insert into Copies (CopyID, Code, BookID, LibraryID) values (702, '55239-001', 33, 22);
insert into Copies (CopyID, Code, BookID, LibraryID) values (703, '30142-041', 39, 16);
insert into Copies (CopyID, Code, BookID, LibraryID) values (704, '0019-9092', 31, 8);
insert into Copies (CopyID, Code, BookID, LibraryID) values (705, '57337-039', 34, 18);
insert into Copies (CopyID, Code, BookID, LibraryID) values (706, '37808-374', 8, 28);
insert into Copies (CopyID, Code, BookID, LibraryID) values (707, '0187-0938', 21, 21);
insert into Copies (CopyID, Code, BookID, LibraryID) values (708, '36987-1182', 46, 15);
insert into Copies (CopyID, Code, BookID, LibraryID) values (709, '64942-1222', 35, 12);
insert into Copies (CopyID, Code, BookID, LibraryID) values (710, '0409-1941', 40, 31);
insert into Copies (CopyID, Code, BookID, LibraryID) values (711, '44911-0078', 26, 35);
insert into Copies (CopyID, Code, BookID, LibraryID) values (712, '12546-105', 15, 11);
insert into Copies (CopyID, Code, BookID, LibraryID) values (713, '51079-824', 37, 13);
insert into Copies (CopyID, Code, BookID, LibraryID) values (714, '51668-504', 5, 17);
insert into Copies (CopyID, Code, BookID, LibraryID) values (715, '60892-601', 28, 20);
insert into Copies (CopyID, Code, BookID, LibraryID) values (716, '57955-1791', 33, 14);
insert into Copies (CopyID, Code, BookID, LibraryID) values (717, '76267-150', 10, 44);
insert into Copies (CopyID, Code, BookID, LibraryID) values (718, '49738-252', 50, 28);
insert into Copies (CopyID, Code, BookID, LibraryID) values (719, '50580-728', 11, 28);
insert into Copies (CopyID, Code, BookID, LibraryID) values (720, '68084-066', 43, 46);
insert into Copies (CopyID, Code, BookID, LibraryID) values (721, '59054-120', 43, 9);
insert into Copies (CopyID, Code, BookID, LibraryID) values (722, '61543-7774', 25, 35);
insert into Copies (CopyID, Code, BookID, LibraryID) values (723, '68135-100', 18, 27);
insert into Copies (CopyID, Code, BookID, LibraryID) values (724, '55910-296', 12, 9);
insert into Copies (CopyID, Code, BookID, LibraryID) values (725, '34666-001', 32, 24);
insert into Copies (CopyID, Code, BookID, LibraryID) values (726, '68151-1365', 7, 43);
insert into Copies (CopyID, Code, BookID, LibraryID) values (727, '49349-164', 10, 28);
insert into Copies (CopyID, Code, BookID, LibraryID) values (728, '37808-977', 32, 42);
insert into Copies (CopyID, Code, BookID, LibraryID) values (729, '0143-1256', 8, 48);
insert into Copies (CopyID, Code, BookID, LibraryID) values (730, '60503-157', 5, 30);
insert into Copies (CopyID, Code, BookID, LibraryID) values (731, '36987-1471', 28, 44);
insert into Copies (CopyID, Code, BookID, LibraryID) values (732, '21695-614', 29, 26);
insert into Copies (CopyID, Code, BookID, LibraryID) values (733, '21130-427', 7, 32);
insert into Copies (CopyID, Code, BookID, LibraryID) values (734, '50991-730', 34, 38);
insert into Copies (CopyID, Code, BookID, LibraryID) values (735, '0378-4430', 42, 21);
insert into Copies (CopyID, Code, BookID, LibraryID) values (736, '55648-727', 15, 41);
insert into Copies (CopyID, Code, BookID, LibraryID) values (737, '63629-5246', 28, 38);
insert into Copies (CopyID, Code, BookID, LibraryID) values (738, '42254-102', 24, 3);
insert into Copies (CopyID, Code, BookID, LibraryID) values (739, '68001-183', 36, 44);
insert into Copies (CopyID, Code, BookID, LibraryID) values (740, '52731-7037', 13, 23);
insert into Copies (CopyID, Code, BookID, LibraryID) values (741, '0037-0113', 41, 21);
insert into Copies (CopyID, Code, BookID, LibraryID) values (742, '65365-007', 26, 18);
insert into Copies (CopyID, Code, BookID, LibraryID) values (743, '51670-100', 19, 20);
insert into Copies (CopyID, Code, BookID, LibraryID) values (744, '52959-124', 33, 2);
insert into Copies (CopyID, Code, BookID, LibraryID) values (745, '49288-0110', 4, 29);
insert into Copies (CopyID, Code, BookID, LibraryID) values (746, '13537-076', 9, 11);
insert into Copies (CopyID, Code, BookID, LibraryID) values (747, '10144-929', 3, 14);
insert into Copies (CopyID, Code, BookID, LibraryID) values (748, '0185-0123', 2, 21);
insert into Copies (CopyID, Code, BookID, LibraryID) values (749, '53499-5794', 49, 4);
insert into Copies (CopyID, Code, BookID, LibraryID) values (750, '54473-223', 26, 16);
insert into Copies (CopyID, Code, BookID, LibraryID) values (751, '51285-050', 31, 46);
insert into Copies (CopyID, Code, BookID, LibraryID) values (752, '63354-990', 48, 33);
insert into Copies (CopyID, Code, BookID, LibraryID) values (753, '33261-071', 46, 37);
insert into Copies (CopyID, Code, BookID, LibraryID) values (754, '52763-501', 36, 7);
insert into Copies (CopyID, Code, BookID, LibraryID) values (755, '24887-001', 16, 50);
insert into Copies (CopyID, Code, BookID, LibraryID) values (756, '68382-163', 24, 47);
insert into Copies (CopyID, Code, BookID, LibraryID) values (757, '24839-348', 42, 10);
insert into Copies (CopyID, Code, BookID, LibraryID) values (758, '66336-012', 15, 16);
insert into Copies (CopyID, Code, BookID, LibraryID) values (759, '34690-6001', 23, 10);
insert into Copies (CopyID, Code, BookID, LibraryID) values (760, '0362-0101', 1, 1);
insert into Copies (CopyID, Code, BookID, LibraryID) values (761, '63323-187', 19, 12);
insert into Copies (CopyID, Code, BookID, LibraryID) values (762, '66129-031', 16, 47);
insert into Copies (CopyID, Code, BookID, LibraryID) values (763, '67544-306', 31, 44);
insert into Copies (CopyID, Code, BookID, LibraryID) values (764, '54868-1386', 38, 32);
insert into Copies (CopyID, Code, BookID, LibraryID) values (765, '55154-5552', 29, 43);
insert into Copies (CopyID, Code, BookID, LibraryID) values (766, '60698-0001', 16, 4);
insert into Copies (CopyID, Code, BookID, LibraryID) values (767, '49715-012', 29, 36);
insert into Copies (CopyID, Code, BookID, LibraryID) values (768, '59735-310', 39, 32);
insert into Copies (CopyID, Code, BookID, LibraryID) values (769, '11673-259', 14, 8);
insert into Copies (CopyID, Code, BookID, LibraryID) values (770, '0378-4451', 15, 17);
insert into Copies (CopyID, Code, BookID, LibraryID) values (771, '0187-2201', 17, 42);
insert into Copies (CopyID, Code, BookID, LibraryID) values (772, '36987-1368', 43, 25);
insert into Copies (CopyID, Code, BookID, LibraryID) values (773, '55316-174', 39, 12);
insert into Copies (CopyID, Code, BookID, LibraryID) values (774, '0378-3633', 17, 12);
insert into Copies (CopyID, Code, BookID, LibraryID) values (775, '68479-230', 35, 21);
insert into Copies (CopyID, Code, BookID, LibraryID) values (776, '58668-1031', 11, 42);
insert into Copies (CopyID, Code, BookID, LibraryID) values (777, '69149-101', 24, 40);
insert into Copies (CopyID, Code, BookID, LibraryID) values (778, '37808-441', 48, 28);
insert into Copies (CopyID, Code, BookID, LibraryID) values (779, '57605-0003', 44, 44);
insert into Copies (CopyID, Code, BookID, LibraryID) values (780, '0781-2192', 33, 26);
insert into Copies (CopyID, Code, BookID, LibraryID) values (781, '63940-472', 34, 24);
insert into Copies (CopyID, Code, BookID, LibraryID) values (782, '16590-878', 36, 43);
insert into Copies (CopyID, Code, BookID, LibraryID) values (783, '63739-113', 28, 33);
insert into Copies (CopyID, Code, BookID, LibraryID) values (784, '76485-1000', 40, 44);
insert into Copies (CopyID, Code, BookID, LibraryID) values (785, '60555-622', 30, 8);
insert into Copies (CopyID, Code, BookID, LibraryID) values (786, '36987-1858', 14, 1);
insert into Copies (CopyID, Code, BookID, LibraryID) values (787, '43419-506', 45, 29);
insert into Copies (CopyID, Code, BookID, LibraryID) values (788, '42751-1072', 31, 37);
insert into Copies (CopyID, Code, BookID, LibraryID) values (789, '41250-556', 45, 39);
insert into Copies (CopyID, Code, BookID, LibraryID) values (790, '37205-378', 29, 17);
insert into Copies (CopyID, Code, BookID, LibraryID) values (791, '52125-249', 38, 45);
insert into Copies (CopyID, Code, BookID, LibraryID) values (792, '64092-119', 11, 25);
insert into Copies (CopyID, Code, BookID, LibraryID) values (793, '0591-3757', 10, 2);
insert into Copies (CopyID, Code, BookID, LibraryID) values (794, '54868-2539', 12, 50);
insert into Copies (CopyID, Code, BookID, LibraryID) values (795, '54973-2922', 10, 19);
insert into Copies (CopyID, Code, BookID, LibraryID) values (796, '55648-954', 35, 31);
insert into Copies (CopyID, Code, BookID, LibraryID) values (797, '0067-0149', 9, 34);
insert into Copies (CopyID, Code, BookID, LibraryID) values (798, '16781-404', 17, 15);
insert into Copies (CopyID, Code, BookID, LibraryID) values (799, '0173-0839', 4, 35);
insert into Copies (CopyID, Code, BookID, LibraryID) values (800, '49035-066', 41, 26);
insert into Copies (CopyID, Code, BookID, LibraryID) values (801, '24385-910', 30, 47);
insert into Copies (CopyID, Code, BookID, LibraryID) values (802, '49738-622', 32, 16);
insert into Copies (CopyID, Code, BookID, LibraryID) values (803, '35356-169', 13, 24);
insert into Copies (CopyID, Code, BookID, LibraryID) values (804, '68382-776', 43, 23);
insert into Copies (CopyID, Code, BookID, LibraryID) values (805, '11086-011', 38, 34);
insert into Copies (CopyID, Code, BookID, LibraryID) values (806, '24470-912', 8, 5);
insert into Copies (CopyID, Code, BookID, LibraryID) values (807, '53808-0621', 34, 44);
insert into Copies (CopyID, Code, BookID, LibraryID) values (808, '0597-0165', 36, 25);
insert into Copies (CopyID, Code, BookID, LibraryID) values (809, '44911-0042', 41, 12);
insert into Copies (CopyID, Code, BookID, LibraryID) values (810, '55154-1391', 40, 50);
insert into Copies (CopyID, Code, BookID, LibraryID) values (811, '52125-418', 33, 22);
insert into Copies (CopyID, Code, BookID, LibraryID) values (812, '52533-024', 30, 21);
insert into Copies (CopyID, Code, BookID, LibraryID) values (813, '54868-4414', 22, 32);
insert into Copies (CopyID, Code, BookID, LibraryID) values (814, '50114-7060', 50, 5);
insert into Copies (CopyID, Code, BookID, LibraryID) values (815, '55154-4957', 1, 44);
insert into Copies (CopyID, Code, BookID, LibraryID) values (816, '0338-1148', 40, 27);
insert into Copies (CopyID, Code, BookID, LibraryID) values (817, '55714-2329', 33, 29);
insert into Copies (CopyID, Code, BookID, LibraryID) values (818, '62032-128', 7, 14);
insert into Copies (CopyID, Code, BookID, LibraryID) values (819, '50563-127', 27, 37);
insert into Copies (CopyID, Code, BookID, LibraryID) values (820, '63517-016', 37, 48);
insert into Copies (CopyID, Code, BookID, LibraryID) values (821, '0363-0560', 42, 45);
insert into Copies (CopyID, Code, BookID, LibraryID) values (822, '57520-0079', 23, 39);
insert into Copies (CopyID, Code, BookID, LibraryID) values (823, '20276-560', 37, 32);
insert into Copies (CopyID, Code, BookID, LibraryID) values (824, '24338-200', 6, 37);
insert into Copies (CopyID, Code, BookID, LibraryID) values (825, '0078-0607', 19, 46);
insert into Copies (CopyID, Code, BookID, LibraryID) values (826, '54868-0154', 50, 5);
insert into Copies (CopyID, Code, BookID, LibraryID) values (827, '37000-263', 43, 31);
insert into Copies (CopyID, Code, BookID, LibraryID) values (828, '16590-278', 42, 32);
insert into Copies (CopyID, Code, BookID, LibraryID) values (829, '47335-817', 45, 6);
insert into Copies (CopyID, Code, BookID, LibraryID) values (830, '54575-324', 3, 25);
insert into Copies (CopyID, Code, BookID, LibraryID) values (831, '63029-601', 16, 35);
insert into Copies (CopyID, Code, BookID, LibraryID) values (832, '51672-2073', 46, 25);
insert into Copies (CopyID, Code, BookID, LibraryID) values (833, '53808-0225', 30, 49);
insert into Copies (CopyID, Code, BookID, LibraryID) values (834, '54095-111', 3, 47);
insert into Copies (CopyID, Code, BookID, LibraryID) values (835, '59676-303', 27, 50);
insert into Copies (CopyID, Code, BookID, LibraryID) values (836, '62242-010', 27, 38);
insert into Copies (CopyID, Code, BookID, LibraryID) values (837, '59535-6701', 26, 7);
insert into Copies (CopyID, Code, BookID, LibraryID) values (838, '50021-508', 47, 38);
insert into Copies (CopyID, Code, BookID, LibraryID) values (839, '53341-515', 22, 8);
insert into Copies (CopyID, Code, BookID, LibraryID) values (840, '10927-106', 28, 23);
insert into Copies (CopyID, Code, BookID, LibraryID) values (841, '69152-0528', 14, 15);
insert into Copies (CopyID, Code, BookID, LibraryID) values (842, '63941-250', 39, 18);
insert into Copies (CopyID, Code, BookID, LibraryID) values (843, '75936-129', 9, 2);
insert into Copies (CopyID, Code, BookID, LibraryID) values (844, '65162-045', 15, 35);
insert into Copies (CopyID, Code, BookID, LibraryID) values (845, '17630-2020', 17, 35);
insert into Copies (CopyID, Code, BookID, LibraryID) values (846, '63941-299', 46, 21);
insert into Copies (CopyID, Code, BookID, LibraryID) values (847, '51285-963', 43, 27);
insert into Copies (CopyID, Code, BookID, LibraryID) values (848, '49884-726', 32, 7);
insert into Copies (CopyID, Code, BookID, LibraryID) values (849, '55154-9418', 6, 11);
insert into Copies (CopyID, Code, BookID, LibraryID) values (850, '55154-5476', 13, 16);
insert into Copies (CopyID, Code, BookID, LibraryID) values (851, '76354-110', 7, 3);
insert into Copies (CopyID, Code, BookID, LibraryID) values (852, '44087-3322', 27, 41);
insert into Copies (CopyID, Code, BookID, LibraryID) values (853, '69152-0033', 45, 37);
insert into Copies (CopyID, Code, BookID, LibraryID) values (854, '76237-300', 40, 29);
insert into Copies (CopyID, Code, BookID, LibraryID) values (855, '63629-3206', 12, 21);
insert into Copies (CopyID, Code, BookID, LibraryID) values (856, '63323-010', 35, 36);
insert into Copies (CopyID, Code, BookID, LibraryID) values (857, '51389-251', 10, 11);
insert into Copies (CopyID, Code, BookID, LibraryID) values (858, '37000-812', 35, 11);
insert into Copies (CopyID, Code, BookID, LibraryID) values (859, '49288-0656', 19, 45);
insert into Copies (CopyID, Code, BookID, LibraryID) values (860, '52533-006', 46, 12);
insert into Copies (CopyID, Code, BookID, LibraryID) values (861, '66097-004', 6, 43);
insert into Copies (CopyID, Code, BookID, LibraryID) values (862, '65162-008', 12, 44);
insert into Copies (CopyID, Code, BookID, LibraryID) values (863, '61589-1814', 32, 34);
insert into Copies (CopyID, Code, BookID, LibraryID) values (864, '48883-001', 9, 37);
insert into Copies (CopyID, Code, BookID, LibraryID) values (865, '37205-824', 39, 8);
insert into Copies (CopyID, Code, BookID, LibraryID) values (866, '58118-2273', 41, 1);
insert into Copies (CopyID, Code, BookID, LibraryID) values (867, '68647-169', 42, 10);
insert into Copies (CopyID, Code, BookID, LibraryID) values (868, '68745-1132', 7, 4);
insert into Copies (CopyID, Code, BookID, LibraryID) values (869, '46783-160', 41, 34);
insert into Copies (CopyID, Code, BookID, LibraryID) values (870, '62592-496', 2, 38);
insert into Copies (CopyID, Code, BookID, LibraryID) values (871, '62007-029', 50, 5);
insert into Copies (CopyID, Code, BookID, LibraryID) values (872, '68788-9135', 26, 33);
insert into Copies (CopyID, Code, BookID, LibraryID) values (873, '36800-343', 2, 50);
insert into Copies (CopyID, Code, BookID, LibraryID) values (874, '0004-6415', 35, 8);
insert into Copies (CopyID, Code, BookID, LibraryID) values (875, '66116-516', 41, 17);
insert into Copies (CopyID, Code, BookID, LibraryID) values (876, '51257-642', 37, 43);
insert into Copies (CopyID, Code, BookID, LibraryID) values (877, '54868-5522', 40, 23);
insert into Copies (CopyID, Code, BookID, LibraryID) values (878, '43406-0011', 2, 20);
insert into Copies (CopyID, Code, BookID, LibraryID) values (879, '43455-0009', 21, 48);
insert into Copies (CopyID, Code, BookID, LibraryID) values (880, '0781-5325', 40, 26);
insert into Copies (CopyID, Code, BookID, LibraryID) values (881, '14783-332', 15, 40);
insert into Copies (CopyID, Code, BookID, LibraryID) values (882, '36987-2242', 23, 1);
insert into Copies (CopyID, Code, BookID, LibraryID) values (883, '52936-170', 3, 16);
insert into Copies (CopyID, Code, BookID, LibraryID) values (884, '50382-002', 43, 35);
insert into Copies (CopyID, Code, BookID, LibraryID) values (885, '37000-749', 34, 5);
insert into Copies (CopyID, Code, BookID, LibraryID) values (886, '0404-0716', 43, 15);
insert into Copies (CopyID, Code, BookID, LibraryID) values (887, '68647-117', 14, 18);
insert into Copies (CopyID, Code, BookID, LibraryID) values (888, '0093-7305', 46, 30);
insert into Copies (CopyID, Code, BookID, LibraryID) values (889, '68180-241', 3, 50);
insert into Copies (CopyID, Code, BookID, LibraryID) values (890, '16590-149', 43, 26);
insert into Copies (CopyID, Code, BookID, LibraryID) values (891, '50844-622', 36, 2);
insert into Copies (CopyID, Code, BookID, LibraryID) values (892, '42808-410', 38, 35);
insert into Copies (CopyID, Code, BookID, LibraryID) values (893, '52380-1617', 4, 48);
insert into Copies (CopyID, Code, BookID, LibraryID) values (894, '11523-0631', 17, 4);
insert into Copies (CopyID, Code, BookID, LibraryID) values (895, '49852-200', 17, 34);
insert into Copies (CopyID, Code, BookID, LibraryID) values (896, '42806-013', 43, 28);
insert into Copies (CopyID, Code, BookID, LibraryID) values (897, '0132-0106', 46, 18);
insert into Copies (CopyID, Code, BookID, LibraryID) values (898, '53104-0111', 38, 19);
insert into Copies (CopyID, Code, BookID, LibraryID) values (899, '62080-5001', 20, 29);
insert into Copies (CopyID, Code, BookID, LibraryID) values (900, '21695-710', 49, 45);
insert into Copies (CopyID, Code, BookID, LibraryID) values (901, '68727-600', 25, 16);
insert into Copies (CopyID, Code, BookID, LibraryID) values (902, '68258-7049', 25, 23);
insert into Copies (CopyID, Code, BookID, LibraryID) values (903, '67046-805', 25, 23);
insert into Copies (CopyID, Code, BookID, LibraryID) values (904, '36987-3274', 8, 28);
insert into Copies (CopyID, Code, BookID, LibraryID) values (905, '68516-5216', 20, 9);
insert into Copies (CopyID, Code, BookID, LibraryID) values (906, '37000-156', 20, 36);
insert into Copies (CopyID, Code, BookID, LibraryID) values (907, '63739-522', 5, 6);
insert into Copies (CopyID, Code, BookID, LibraryID) values (908, '64942-1201', 48, 10);
insert into Copies (CopyID, Code, BookID, LibraryID) values (909, '36987-2451', 15, 35);
insert into Copies (CopyID, Code, BookID, LibraryID) values (910, '52000-002', 39, 5);
insert into Copies (CopyID, Code, BookID, LibraryID) values (911, '10210-0011', 38, 33);
insert into Copies (CopyID, Code, BookID, LibraryID) values (912, '66116-482', 37, 36);
insert into Copies (CopyID, Code, BookID, LibraryID) values (913, '59225-0001', 2, 18);
insert into Copies (CopyID, Code, BookID, LibraryID) values (914, '49288-0916', 45, 43);
insert into Copies (CopyID, Code, BookID, LibraryID) values (915, '33992-0004', 32, 16);
insert into Copies (CopyID, Code, BookID, LibraryID) values (916, '49230-209', 37, 30);
insert into Copies (CopyID, Code, BookID, LibraryID) values (917, '49873-302', 8, 6);
insert into Copies (CopyID, Code, BookID, LibraryID) values (918, '50268-292', 15, 15);
insert into Copies (CopyID, Code, BookID, LibraryID) values (919, '55910-050', 38, 21);
insert into Copies (CopyID, Code, BookID, LibraryID) values (920, '49967-456', 11, 31);
insert into Copies (CopyID, Code, BookID, LibraryID) values (921, '52125-096', 18, 39);
insert into Copies (CopyID, Code, BookID, LibraryID) values (922, '68462-181', 45, 19);
insert into Copies (CopyID, Code, BookID, LibraryID) values (923, '49527-724', 33, 24);
insert into Copies (CopyID, Code, BookID, LibraryID) values (924, '0268-0651', 37, 49);
insert into Copies (CopyID, Code, BookID, LibraryID) values (925, '53208-428', 21, 33);
insert into Copies (CopyID, Code, BookID, LibraryID) values (926, '49288-0081', 8, 49);
insert into Copies (CopyID, Code, BookID, LibraryID) values (927, '55154-6627', 3, 1);
insert into Copies (CopyID, Code, BookID, LibraryID) values (928, '0430-0472', 33, 19);
insert into Copies (CopyID, Code, BookID, LibraryID) values (929, '11980-011', 44, 30);
insert into Copies (CopyID, Code, BookID, LibraryID) values (930, '42291-656', 28, 30);
insert into Copies (CopyID, Code, BookID, LibraryID) values (931, '49981-019', 40, 46);
insert into Copies (CopyID, Code, BookID, LibraryID) values (932, '47649-9001', 48, 37);
insert into Copies (CopyID, Code, BookID, LibraryID) values (933, '37000-803', 27, 17);
insert into Copies (CopyID, Code, BookID, LibraryID) values (934, '55111-552', 23, 22);
insert into Copies (CopyID, Code, BookID, LibraryID) values (935, '42787-104', 12, 26);
insert into Copies (CopyID, Code, BookID, LibraryID) values (936, '54868-5243', 24, 13);
insert into Copies (CopyID, Code, BookID, LibraryID) values (937, '0904-5199', 38, 24);
insert into Copies (CopyID, Code, BookID, LibraryID) values (938, '36987-3030', 41, 13);
insert into Copies (CopyID, Code, BookID, LibraryID) values (939, '0378-9112', 14, 26);
insert into Copies (CopyID, Code, BookID, LibraryID) values (940, '65162-813', 49, 29);
insert into Copies (CopyID, Code, BookID, LibraryID) values (941, '54569-1861', 20, 20);
insert into Copies (CopyID, Code, BookID, LibraryID) values (942, '11673-335', 34, 37);
insert into Copies (CopyID, Code, BookID, LibraryID) values (943, '59039-001', 47, 26);
insert into Copies (CopyID, Code, BookID, LibraryID) values (944, '16714-293', 14, 43);
insert into Copies (CopyID, Code, BookID, LibraryID) values (945, '61010-7111', 28, 26);
insert into Copies (CopyID, Code, BookID, LibraryID) values (946, '11822-0973', 21, 37);
insert into Copies (CopyID, Code, BookID, LibraryID) values (947, '50991-582', 38, 10);
insert into Copies (CopyID, Code, BookID, LibraryID) values (948, '55319-238', 30, 33);
insert into Copies (CopyID, Code, BookID, LibraryID) values (949, '68428-074', 10, 1);
insert into Copies (CopyID, Code, BookID, LibraryID) values (950, '54868-4980', 48, 50);
insert into Copies (CopyID, Code, BookID, LibraryID) values (951, '47682-164', 32, 25);
insert into Copies (CopyID, Code, BookID, LibraryID) values (952, '50458-563', 3, 29);
insert into Copies (CopyID, Code, BookID, LibraryID) values (953, '66663-103', 24, 43);
insert into Copies (CopyID, Code, BookID, LibraryID) values (954, '0143-1115', 15, 27);
insert into Copies (CopyID, Code, BookID, LibraryID) values (955, '0054-0545', 16, 29);
insert into Copies (CopyID, Code, BookID, LibraryID) values (956, '43526-005', 21, 29);
insert into Copies (CopyID, Code, BookID, LibraryID) values (957, '0498-0201', 23, 18);
insert into Copies (CopyID, Code, BookID, LibraryID) values (958, '55312-807', 47, 44);
insert into Copies (CopyID, Code, BookID, LibraryID) values (959, '51079-985', 1, 34);
insert into Copies (CopyID, Code, BookID, LibraryID) values (960, '11344-072', 13, 31);
insert into Copies (CopyID, Code, BookID, LibraryID) values (961, '33261-876', 15, 23);
insert into Copies (CopyID, Code, BookID, LibraryID) values (962, '43419-861', 41, 48);
insert into Copies (CopyID, Code, BookID, LibraryID) values (963, '24653-271', 39, 15);
insert into Copies (CopyID, Code, BookID, LibraryID) values (964, '60505-2651', 15, 45);
insert into Copies (CopyID, Code, BookID, LibraryID) values (965, '0363-8202', 10, 33);
insert into Copies (CopyID, Code, BookID, LibraryID) values (966, '0172-4366', 17, 39);
insert into Copies (CopyID, Code, BookID, LibraryID) values (967, '43419-004', 28, 34);
insert into Copies (CopyID, Code, BookID, LibraryID) values (968, '67046-942', 15, 1);
insert into Copies (CopyID, Code, BookID, LibraryID) values (969, '68828-135', 1, 33);
insert into Copies (CopyID, Code, BookID, LibraryID) values (970, '68788-9922', 39, 24);
insert into Copies (CopyID, Code, BookID, LibraryID) values (971, '75957-002', 29, 11);
insert into Copies (CopyID, Code, BookID, LibraryID) values (972, '61657-0104', 14, 41);
insert into Copies (CopyID, Code, BookID, LibraryID) values (973, '13537-069', 34, 21);
insert into Copies (CopyID, Code, BookID, LibraryID) values (974, '48951-1154', 35, 30);
insert into Copies (CopyID, Code, BookID, LibraryID) values (975, '49288-0019', 46, 27);
insert into Copies (CopyID, Code, BookID, LibraryID) values (976, '48951-5027', 39, 15);
insert into Copies (CopyID, Code, BookID, LibraryID) values (977, '60760-239', 35, 50);
insert into Copies (CopyID, Code, BookID, LibraryID) values (978, '54532-0012', 45, 23);
insert into Copies (CopyID, Code, BookID, LibraryID) values (979, '0187-5144', 48, 17);
insert into Copies (CopyID, Code, BookID, LibraryID) values (980, '68196-375', 29, 23);
insert into Copies (CopyID, Code, BookID, LibraryID) values (981, '30142-484', 12, 28);
insert into Copies (CopyID, Code, BookID, LibraryID) values (982, '76472-1167', 4, 29);
insert into Copies (CopyID, Code, BookID, LibraryID) values (983, '67938-1436', 33, 45);
insert into Copies (CopyID, Code, BookID, LibraryID) values (984, '50458-645', 22, 26);
insert into Copies (CopyID, Code, BookID, LibraryID) values (985, '51672-1301', 40, 40);
insert into Copies (CopyID, Code, BookID, LibraryID) values (986, '43068-102', 34, 16);
insert into Copies (CopyID, Code, BookID, LibraryID) values (987, '0172-4365', 2, 15);
insert into Copies (CopyID, Code, BookID, LibraryID) values (988, '0093-8055', 5, 48);
insert into Copies (CopyID, Code, BookID, LibraryID) values (989, '0615-6560', 17, 21);
insert into Copies (CopyID, Code, BookID, LibraryID) values (990, '0378-5112', 16, 41);
insert into Copies (CopyID, Code, BookID, LibraryID) values (991, '59779-936', 37, 48);
insert into Copies (CopyID, Code, BookID, LibraryID) values (992, '63981-100', 4, 14);
insert into Copies (CopyID, Code, BookID, LibraryID) values (993, '24882-325', 23, 23);
insert into Copies (CopyID, Code, BookID, LibraryID) values (994, '65044-5033', 17, 24);
insert into Copies (CopyID, Code, BookID, LibraryID) values (995, '10202-304', 38, 26);
insert into Copies (CopyID, Code, BookID, LibraryID) values (996, '0703-3343', 12, 7);
insert into Copies (CopyID, Code, BookID, LibraryID) values (997, '50436-2000', 49, 46);
insert into Copies (CopyID, Code, BookID, LibraryID) values (998, '55910-705', 46, 29);
insert into Copies (CopyID, Code, BookID, LibraryID) values (999, '54569-2931', 33, 25);
insert into Copies (CopyID, Code, BookID, LibraryID) values (1000, '45963-743', 29, 43);



insert into Authors (AuthorID, Name, DateOfBirth, DateOfDeath, AuthorGender, FieldOfStudy, CountryID) values (1, 'Ford Turpie', '6/20/1961', null, 'FEMALE', 'Art', 43);
insert into Authors (AuthorID, Name, DateOfBirth, DateOfDeath, AuthorGender, FieldOfStudy, CountryID) values (2, 'Vannie Beazleigh', '1/26/1952', '4/8/2014', 'MALE', 'Literature', 12);
insert into Authors (AuthorID, Name, DateOfBirth, DateOfDeath, AuthorGender, FieldOfStudy, CountryID) values (3, 'Edwina Rookesby', '5/17/1964', null, 'UNKNOWN', 'Art', 10);
insert into Authors (AuthorID, Name, DateOfBirth, DateOfDeath, AuthorGender, FieldOfStudy, CountryID) values (4, 'Barret Goodsal', '5/19/1966', '9/23/2015', 'OTHER', 'Literature', 42);
insert into Authors (AuthorID, Name, DateOfBirth, DateOfDeath, AuthorGender, FieldOfStudy, CountryID) values (5, 'Lucian Wyvill', '1/5/1980', '1/25/2015', 'UNKNOWN', 'Art', 48);
insert into Authors (AuthorID, Name, DateOfBirth, DateOfDeath, AuthorGender, FieldOfStudy, CountryID) values (6, 'Dolley Kliment', '6/28/1959', null, 'FEMALE', 'Engineering', 40);
insert into Authors (AuthorID, Name, DateOfBirth, DateOfDeath, AuthorGender, FieldOfStudy, CountryID) values (7, 'Osbert Yesipov', '4/1/1974', null, 'OTHER', 'Art', 36);
insert into Authors (AuthorID, Name, DateOfBirth, DateOfDeath, AuthorGender, FieldOfStudy, CountryID) values (8, 'Yuri Daykin', '12/29/1967', null, 'MALE', 'Art', 37);
insert into Authors (AuthorID, Name, DateOfBirth, DateOfDeath, AuthorGender, FieldOfStudy, CountryID) values (9, 'Basile Edmondson', '4/24/1980', '10/7/2011', 'MALE', 'Literature', 14);
insert into Authors (AuthorID, Name, DateOfBirth, DateOfDeath, AuthorGender, FieldOfStudy, CountryID) values (10, 'Gustave Durrad', '6/13/1976', '1/25/2013', 'OTHER', 'Engineering', 19);
insert into Authors (AuthorID, Name, DateOfBirth, DateOfDeath, AuthorGender, FieldOfStudy, CountryID) values (11, 'Ottilie Wilsdon', '11/19/1969', '4/13/2012', 'OTHER', 'Literature', 39);
insert into Authors (AuthorID, Name, DateOfBirth, DateOfDeath, AuthorGender, FieldOfStudy, CountryID) values (12, 'Benson Dullard', '10/15/1964', '6/27/2015', 'UNKNOWN', 'Art', 38);
insert into Authors (AuthorID, Name, DateOfBirth, DateOfDeath, AuthorGender, FieldOfStudy, CountryID) values (13, 'Finley Rulten', '9/19/1971', null, 'MALE', 'Literature', 25);
insert into Authors (AuthorID, Name, DateOfBirth, DateOfDeath, AuthorGender, FieldOfStudy, CountryID) values (14, 'Wandie Ratie', '12/22/1970', null, 'OTHER', 'Art', 18);
insert into Authors (AuthorID, Name, DateOfBirth, DateOfDeath, AuthorGender, FieldOfStudy, CountryID) values (15, 'Chiarra Markova', '3/8/1955', '8/17/2011', 'MALE', 'Art', 12);
insert into Authors (AuthorID, Name, DateOfBirth, DateOfDeath, AuthorGender, FieldOfStudy, CountryID) values (16, 'Barr Boomes', '5/9/1954', null, 'OTHER', 'Literature', 10);
insert into Authors (AuthorID, Name, DateOfBirth, DateOfDeath, AuthorGender, FieldOfStudy, CountryID) values (17, 'Dimitri Lody', '6/5/1980', '7/31/2011', 'OTHER', 'Art', 15);
insert into Authors (AuthorID, Name, DateOfBirth, DateOfDeath, AuthorGender, FieldOfStudy, CountryID) values (18, 'Heall Georghiou', '5/20/1957', null, 'OTHER', 'Art', 49);
insert into Authors (AuthorID, Name, DateOfBirth, DateOfDeath, AuthorGender, FieldOfStudy, CountryID) values (19, 'Kiersten de Keyser', '10/20/1968', null, 'UNKNOWN', 'Engineering', 24);
insert into Authors (AuthorID, Name, DateOfBirth, DateOfDeath, AuthorGender, FieldOfStudy, CountryID) values (20, 'Josefa Tapp', '3/22/1966', '10/13/2014', 'OTHER', 'Art', 46);
insert into Authors (AuthorID, Name, DateOfBirth, DateOfDeath, AuthorGender, FieldOfStudy, CountryID) values (21, 'Solomon Load', '10/10/1979', '10/28/2015', 'MALE', 'Literature', 5);
insert into Authors (AuthorID, Name, DateOfBirth, DateOfDeath, AuthorGender, FieldOfStudy, CountryID) values (22, 'Vita Welberry', '10/21/1968', null, 'FEMALE', 'Engineering', 20);
insert into Authors (AuthorID, Name, DateOfBirth, DateOfDeath, AuthorGender, FieldOfStudy, CountryID) values (23, 'Gerhardt Langmaid', '9/5/1955', '9/6/2011', 'MALE', 'Art', 20);
insert into Authors (AuthorID, Name, DateOfBirth, DateOfDeath, AuthorGender, FieldOfStudy, CountryID) values (24, 'Leicester Chappelle', '1/23/1971', null, 'MALE', 'Engineering', 34);
insert into Authors (AuthorID, Name, DateOfBirth, DateOfDeath, AuthorGender, FieldOfStudy, CountryID) values (25, 'Guthry Quelch', '5/22/1954', '4/6/2015', 'UNKNOWN', 'Engineering', 44);
insert into Authors (AuthorID, Name, DateOfBirth, DateOfDeath, AuthorGender, FieldOfStudy, CountryID) values (26, 'Tan Baumler', '1/12/1972', null, 'UNKNOWN', 'Literature', 47);
insert into Authors (AuthorID, Name, DateOfBirth, DateOfDeath, AuthorGender, FieldOfStudy, CountryID) values (27, 'Delphine Gonzalez', '4/29/1952', null, 'FEMALE', 'Engineering', 29);
insert into Authors (AuthorID, Name, DateOfBirth, DateOfDeath, AuthorGender, FieldOfStudy, CountryID) values (28, 'Antony Stubley', '9/13/1966', null, 'FEMALE', 'Literature', 2);
insert into Authors (AuthorID, Name, DateOfBirth, DateOfDeath, AuthorGender, FieldOfStudy, CountryID) values (29, 'Hollyanne Sloegrave', '3/26/1976', null, 'FEMALE', 'Engineering', 47);
insert into Authors (AuthorID, Name, DateOfBirth, DateOfDeath, AuthorGender, FieldOfStudy, CountryID) values (30, 'Rodie Chumley', '10/3/1971', null, 'UNKNOWN', 'Literature', 1);
insert into Authors (AuthorID, Name, DateOfBirth, DateOfDeath, AuthorGender, FieldOfStudy, CountryID) values (31, 'Winne Kipling', '8/8/1980', '4/28/2011', 'FEMALE', 'Engineering', 16);
insert into Authors (AuthorID, Name, DateOfBirth, DateOfDeath, AuthorGender, FieldOfStudy, CountryID) values (32, 'Jo-ann Konneke', '9/17/1969', null, 'UNKNOWN', 'Art', 38);
insert into Authors (AuthorID, Name, DateOfBirth, DateOfDeath, AuthorGender, FieldOfStudy, CountryID) values (33, 'Brandon Coate', '9/9/1961', null, 'OTHER', 'Engineering', 4);
insert into Authors (AuthorID, Name, DateOfBirth, DateOfDeath, AuthorGender, FieldOfStudy, CountryID) values (34, 'Jorry Biers', '1/3/1979', null, 'FEMALE', 'Engineering', 4);
insert into Authors (AuthorID, Name, DateOfBirth, DateOfDeath, AuthorGender, FieldOfStudy, CountryID) values (35, 'Ilaire Orrett', '7/9/1961', '2/12/2014', 'MALE', 'Literature', 21);
insert into Authors (AuthorID, Name, DateOfBirth, DateOfDeath, AuthorGender, FieldOfStudy, CountryID) values (36, 'Kinny Gillogley', '11/12/1954', '10/29/2011', 'OTHER', 'Literature', 5);
insert into Authors (AuthorID, Name, DateOfBirth, DateOfDeath, AuthorGender, FieldOfStudy, CountryID) values (37, 'Boothe Killford', '8/12/1956', '10/26/2014', 'OTHER', 'Engineering', 24);
insert into Authors (AuthorID, Name, DateOfBirth, DateOfDeath, AuthorGender, FieldOfStudy, CountryID) values (38, 'Kipp Ascrofte', '2/9/1956', null, 'OTHER', 'Engineering', 18);
insert into Authors (AuthorID, Name, DateOfBirth, DateOfDeath, AuthorGender, FieldOfStudy, CountryID) values (39, 'Halimeda Kitchingman', '12/25/1952', null, 'FEMALE', 'Art', 41);
insert into Authors (AuthorID, Name, DateOfBirth, DateOfDeath, AuthorGender, FieldOfStudy, CountryID) values (40, 'Brandise Rawdall', '4/15/1957', '2/14/2015', 'UNKNOWN', 'Art', 36);
insert into Authors (AuthorID, Name, DateOfBirth, DateOfDeath, AuthorGender, FieldOfStudy, CountryID) values (41, 'Katinka McKinnell', '6/25/1969', null, 'UNKNOWN', 'Engineering', 36);
insert into Authors (AuthorID, Name, DateOfBirth, DateOfDeath, AuthorGender, FieldOfStudy, CountryID) values (42, 'Teresina Boyda', '8/27/1977', null, 'MALE', 'Literature', 14);
insert into Authors (AuthorID, Name, DateOfBirth, DateOfDeath, AuthorGender, FieldOfStudy, CountryID) values (43, 'Byrann Yanshin', '11/19/1954', null, 'MALE', 'Literature', 36);
insert into Authors (AuthorID, Name, DateOfBirth, DateOfDeath, AuthorGender, FieldOfStudy, CountryID) values (44, 'Lannie Mossman', '8/19/1961', null, 'MALE', 'Art', 13);
insert into Authors (AuthorID, Name, DateOfBirth, DateOfDeath, AuthorGender, FieldOfStudy, CountryID) values (45, 'Zacharia Dy', '7/30/1958', '10/9/2011', 'OTHER', 'Art', 24);
insert into Authors (AuthorID, Name, DateOfBirth, DateOfDeath, AuthorGender, FieldOfStudy, CountryID) values (46, 'Matthiew Pennycord', '6/12/1953', null, 'UNKNOWN', 'Literature', 10);
insert into Authors (AuthorID, Name, DateOfBirth, DateOfDeath, AuthorGender, FieldOfStudy, CountryID) values (47, 'Kyle Sunock', '2/1/1959', null, 'MALE', 'Art', 22);
insert into Authors (AuthorID, Name, DateOfBirth, DateOfDeath, AuthorGender, FieldOfStudy, CountryID) values (48, 'Byran McMearty', '5/31/1959', null, 'FEMALE', 'Engineering', 7);
insert into Authors (AuthorID, Name, DateOfBirth, DateOfDeath, AuthorGender, FieldOfStudy, CountryID) values (49, 'Sky Stellino', '4/19/1960', null, 'FEMALE', 'Literature', 4);
insert into Authors (AuthorID, Name, DateOfBirth, DateOfDeath, AuthorGender, FieldOfStudy, CountryID) values (50, 'Kayla Bootland', '1/4/1966', null, 'OTHER', 'Literature', 31);
insert into Authors (AuthorID, Name, DateOfBirth, DateOfDeath, AuthorGender, FieldOfStudy, CountryID) values (51, 'Melly Higounet', '2/7/1969', null, 'FEMALE', 'Literature', 42);
insert into Authors (AuthorID, Name, DateOfBirth, DateOfDeath, AuthorGender, FieldOfStudy, CountryID) values (52, 'Kevyn Stollen', '12/13/1973', null, 'MALE', 'Art', 18);
insert into Authors (AuthorID, Name, DateOfBirth, DateOfDeath, AuthorGender, FieldOfStudy, CountryID) values (53, 'Sherlock Phateplace', '12/11/1973', '1/29/2012', 'MALE', 'Art', 48);
insert into Authors (AuthorID, Name, DateOfBirth, DateOfDeath, AuthorGender, FieldOfStudy, CountryID) values (54, 'Gusella Chess', '9/17/1964', null, 'MALE', 'Art', 49);
insert into Authors (AuthorID, Name, DateOfBirth, DateOfDeath, AuthorGender, FieldOfStudy, CountryID) values (55, 'Evangelina McKevitt', '11/15/1980', null, 'FEMALE', 'Engineering', 11);
insert into Authors (AuthorID, Name, DateOfBirth, DateOfDeath, AuthorGender, FieldOfStudy, CountryID) values (56, 'Timmie Sulter', '10/14/1969', null, 'MALE', 'Literature', 49);
insert into Authors (AuthorID, Name, DateOfBirth, DateOfDeath, AuthorGender, FieldOfStudy, CountryID) values (57, 'Ricard Iacovini', '5/31/1975', null, 'UNKNOWN', 'Engineering', 38);
insert into Authors (AuthorID, Name, DateOfBirth, DateOfDeath, AuthorGender, FieldOfStudy, CountryID) values (58, 'Antonin Biagioni', '9/21/1977', null, 'FEMALE', 'Engineering', 21);
insert into Authors (AuthorID, Name, DateOfBirth, DateOfDeath, AuthorGender, FieldOfStudy, CountryID) values (59, 'Osbourn Todhunter', '1/13/1966', '10/10/2012', 'OTHER', 'Engineering', 46);
insert into Authors (AuthorID, Name, DateOfBirth, DateOfDeath, AuthorGender, FieldOfStudy, CountryID) values (60, 'Sari Miche', '5/17/1969', '8/15/2012', 'UNKNOWN', 'Art', 32);
insert into Authors (AuthorID, Name, DateOfBirth, DateOfDeath, AuthorGender, FieldOfStudy, CountryID) values (61, 'Aurlie Dumberell', '12/3/1956', '1/12/2012', 'MALE', 'Engineering', 35);
insert into Authors (AuthorID, Name, DateOfBirth, DateOfDeath, AuthorGender, FieldOfStudy, CountryID) values (62, 'Elysia Collimore', '11/4/1961', '9/9/2011', 'FEMALE', 'Art', 43);
insert into Authors (AuthorID, Name, DateOfBirth, DateOfDeath, AuthorGender, FieldOfStudy, CountryID) values (63, 'Cordy Wilcocks', '9/8/1963', null, 'UNKNOWN', 'Art', 21);
insert into Authors (AuthorID, Name, DateOfBirth, DateOfDeath, AuthorGender, FieldOfStudy, CountryID) values (64, 'Krystal Sammonds', '10/13/1959', '3/31/2015', 'FEMALE', 'Art', 42);
insert into Authors (AuthorID, Name, DateOfBirth, DateOfDeath, AuthorGender, FieldOfStudy, CountryID) values (65, 'Rhonda Braganza', '10/9/1972', '12/4/2011', 'OTHER', 'Engineering', 45);
insert into Authors (AuthorID, Name, DateOfBirth, DateOfDeath, AuthorGender, FieldOfStudy, CountryID) values (66, 'Betti Bassick', '3/6/1971', '6/22/2013', 'FEMALE', 'Literature', 36);
insert into Authors (AuthorID, Name, DateOfBirth, DateOfDeath, AuthorGender, FieldOfStudy, CountryID) values (67, 'Maighdiln FitzGeorge', '9/30/1957', '8/12/2013', 'OTHER', 'Art', 42);
insert into Authors (AuthorID, Name, DateOfBirth, DateOfDeath, AuthorGender, FieldOfStudy, CountryID) values (68, 'Bayard Reeman', '10/2/1978', '6/17/2015', 'MALE', 'Art', 36);
insert into Authors (AuthorID, Name, DateOfBirth, DateOfDeath, AuthorGender, FieldOfStudy, CountryID) values (69, 'Katuscha Pabst', '7/3/1972', '2/24/2013', 'FEMALE', 'Engineering', 16);
insert into Authors (AuthorID, Name, DateOfBirth, DateOfDeath, AuthorGender, FieldOfStudy, CountryID) values (70, 'Johnnie Hanbridge', '4/4/1975', '1/9/2014', 'MALE', 'Art', 21);
insert into Authors (AuthorID, Name, DateOfBirth, DateOfDeath, AuthorGender, FieldOfStudy, CountryID) values (71, 'Gale Baumber', '11/28/1961', null, 'OTHER', 'Art', 43);
insert into Authors (AuthorID, Name, DateOfBirth, DateOfDeath, AuthorGender, FieldOfStudy, CountryID) values (72, 'Jorrie Sighard', '2/1/1972', null, 'FEMALE', 'Literature', 31);
insert into Authors (AuthorID, Name, DateOfBirth, DateOfDeath, AuthorGender, FieldOfStudy, CountryID) values (73, 'Raquela Bouttell', '3/15/1962', null, 'FEMALE', 'Engineering', 29);
insert into Authors (AuthorID, Name, DateOfBirth, DateOfDeath, AuthorGender, FieldOfStudy, CountryID) values (74, 'Newton Kamen', '8/26/1962', '6/12/2011', 'UNKNOWN', 'Literature', 17);
insert into Authors (AuthorID, Name, DateOfBirth, DateOfDeath, AuthorGender, FieldOfStudy, CountryID) values (75, 'Jaquelyn Szymanowski', '4/28/1970', null, 'OTHER', 'Art', 40);
insert into Authors (AuthorID, Name, DateOfBirth, DateOfDeath, AuthorGender, FieldOfStudy, CountryID) values (76, 'Jolee Artrick', '3/8/1961', '10/21/2011', 'UNKNOWN', 'Literature', 4);
insert into Authors (AuthorID, Name, DateOfBirth, DateOfDeath, AuthorGender, FieldOfStudy, CountryID) values (77, 'Konstantine McCrohon', '1/10/1961', '2/2/2012', 'FEMALE', 'Art', 43);
insert into Authors (AuthorID, Name, DateOfBirth, DateOfDeath, AuthorGender, FieldOfStudy, CountryID) values (78, 'Hedvig Crutchfield', '12/16/1970', null, 'OTHER', 'Engineering', 20);
insert into Authors (AuthorID, Name, DateOfBirth, DateOfDeath, AuthorGender, FieldOfStudy, CountryID) values (79, 'Roarke Oganian', '3/29/1965', null, 'UNKNOWN', 'Engineering', 13);
insert into Authors (AuthorID, Name, DateOfBirth, DateOfDeath, AuthorGender, FieldOfStudy, CountryID) values (80, 'Marna Addis', '5/25/1961', null, 'OTHER', 'Art', 42);
insert into Authors (AuthorID, Name, DateOfBirth, DateOfDeath, AuthorGender, FieldOfStudy, CountryID) values (81, 'Rad Kelleher', '2/17/1969', '5/16/2015', 'MALE', 'Engineering', 32);
insert into Authors (AuthorID, Name, DateOfBirth, DateOfDeath, AuthorGender, FieldOfStudy, CountryID) values (82, 'Enoch Featonby', '10/11/1962', null, 'OTHER', 'Art', 30);
insert into Authors (AuthorID, Name, DateOfBirth, DateOfDeath, AuthorGender, FieldOfStudy, CountryID) values (83, 'Peria Rigardeau', '10/31/1980', null, 'MALE', 'Literature', 26);
insert into Authors (AuthorID, Name, DateOfBirth, DateOfDeath, AuthorGender, FieldOfStudy, CountryID) values (84, 'Guenevere Gensavage', '12/5/1966', null, 'MALE', 'Engineering', 37);
insert into Authors (AuthorID, Name, DateOfBirth, DateOfDeath, AuthorGender, FieldOfStudy, CountryID) values (85, 'Gerard Valance', '5/15/1965', null, 'MALE', 'Engineering', 6);
insert into Authors (AuthorID, Name, DateOfBirth, DateOfDeath, AuthorGender, FieldOfStudy, CountryID) values (86, 'Sara Papierz', '6/24/1979', '10/31/2011', 'OTHER', 'Engineering', 36);
insert into Authors (AuthorID, Name, DateOfBirth, DateOfDeath, AuthorGender, FieldOfStudy, CountryID) values (87, 'Arvy Alekseev', '1/21/1978', '2/17/2011', 'UNKNOWN', 'Art', 19);
insert into Authors (AuthorID, Name, DateOfBirth, DateOfDeath, AuthorGender, FieldOfStudy, CountryID) values (88, 'Elbertina Edinboro', '4/27/1971', '8/15/2012', 'FEMALE', 'Literature', 34);
insert into Authors (AuthorID, Name, DateOfBirth, DateOfDeath, AuthorGender, FieldOfStudy, CountryID) values (89, 'Roderick Tomisch', '6/25/1955', null, 'OTHER', 'Art', 27);
insert into Authors (AuthorID, Name, DateOfBirth, DateOfDeath, AuthorGender, FieldOfStudy, CountryID) values (90, 'Danny Hardey', '7/14/1973', '8/11/2014', 'MALE', 'Literature', 31);
insert into Authors (AuthorID, Name, DateOfBirth, DateOfDeath, AuthorGender, FieldOfStudy, CountryID) values (91, 'Yettie Perone', '11/4/1955', null, 'FEMALE', 'Art', 39);
insert into Authors (AuthorID, Name, DateOfBirth, DateOfDeath, AuthorGender, FieldOfStudy, CountryID) values (92, 'Brenna Phoebe', '1/7/1978', '3/9/2012', 'MALE', 'Literature', 46);
insert into Authors (AuthorID, Name, DateOfBirth, DateOfDeath, AuthorGender, FieldOfStudy, CountryID) values (93, 'Yvor Spurrior', '4/12/1966', '2/6/2014', 'FEMALE', 'Engineering', 42);
insert into Authors (AuthorID, Name, DateOfBirth, DateOfDeath, AuthorGender, FieldOfStudy, CountryID) values (94, 'Peta Sowray', '1/31/1977', '12/26/2012', 'MALE', 'Literature', 9);
insert into Authors (AuthorID, Name, DateOfBirth, DateOfDeath, AuthorGender, FieldOfStudy, CountryID) values (95, 'Theodoric McCollum', '9/6/1975', null, 'FEMALE', 'Art', 49);
insert into Authors (AuthorID, Name, DateOfBirth, DateOfDeath, AuthorGender, FieldOfStudy, CountryID) values (96, 'Reube Garratt', '2/6/1978', '4/8/2012', 'OTHER', 'Art', 8);
insert into Authors (AuthorID, Name, DateOfBirth, DateOfDeath, AuthorGender, FieldOfStudy, CountryID) values (97, 'Zacharie Coal', '8/24/1961', '11/13/2015', 'OTHER', 'Art', 22);
insert into Authors (AuthorID, Name, DateOfBirth, DateOfDeath, AuthorGender, FieldOfStudy, CountryID) values (98, 'Renaldo McGaw', '1/13/1964', null, 'MALE', 'Engineering', 35);
insert into Authors (AuthorID, Name, DateOfBirth, DateOfDeath, AuthorGender, FieldOfStudy, CountryID) values (99, 'Ekaterina Duffil', '6/16/1979', null, 'MALE', 'Engineering', 50);
insert into Authors (AuthorID, Name, DateOfBirth, DateOfDeath, AuthorGender, FieldOfStudy, CountryID) values (100, 'Quentin Daughtry', '10/26/1951', null, 'UNKNOWN', 'Art', 8);



insert into Authorships (AuthorID, BookID, Authorship) values (37, 36, 'CONTRIBUTING');
insert into Authorships (AuthorID, BookID, Authorship) values (23, 45, 'CONTRIBUTING');
insert into Authorships (AuthorID, BookID, Authorship) values (79, 42, 'CONTRIBUTING');
insert into Authorships (AuthorID, BookID, Authorship) values (95, 22, 'MAIN');
insert into Authorships (AuthorID, BookID, Authorship) values (12, 12, 'MAIN');
insert into Authorships (AuthorID, BookID, Authorship) values (34, 19, 'MAIN');
insert into Authorships (AuthorID, BookID, Authorship) values (73, 13, 'MAIN');
insert into Authorships (AuthorID, BookID, Authorship) values (68, 33, 'MAIN');
insert into Authorships (AuthorID, BookID, Authorship) values (1, 48, 'MAIN');
insert into Authorships (AuthorID, BookID, Authorship) values (65, 20, 'CONTRIBUTING');
insert into Authorships (AuthorID, BookID, Authorship) values (96, 15, 'CONTRIBUTING');
insert into Authorships (AuthorID, BookID, Authorship) values (90, 20, 'CONTRIBUTING');
insert into Authorships (AuthorID, BookID, Authorship) values (6, 15, 'CONTRIBUTING');
insert into Authorships (AuthorID, BookID, Authorship) values (25, 11, 'CONTRIBUTING');
insert into Authorships (AuthorID, BookID, Authorship) values (18, 50, 'MAIN');
insert into Authorships (AuthorID, BookID, Authorship) values (59, 4, 'MAIN');
insert into Authorships (AuthorID, BookID, Authorship) values (89, 28, 'CONTRIBUTING');
insert into Authorships (AuthorID, BookID, Authorship) values (81, 40, 'MAIN');
insert into Authorships (AuthorID, BookID, Authorship) values (3, 24, 'MAIN');
insert into Authorships (AuthorID, BookID, Authorship) values (17, 19, 'CONTRIBUTING');
insert into Authorships (AuthorID, BookID, Authorship) values (33, 4, 'CONTRIBUTING');
insert into Authorships (AuthorID, BookID, Authorship) values (53, 40, 'CONTRIBUTING');
insert into Authorships (AuthorID, BookID, Authorship) values (93, 40, 'CONTRIBUTING');
insert into Authorships (AuthorID, BookID, Authorship) values (80, 40, 'MAIN');
insert into Authorships (AuthorID, BookID, Authorship) values (10, 2, 'CONTRIBUTING');
insert into Authorships (AuthorID, BookID, Authorship) values (46, 31, 'CONTRIBUTING');
insert into Authorships (AuthorID, BookID, Authorship) values (87, 11, 'MAIN');
insert into Authorships (AuthorID, BookID, Authorship) values (59, 19, 'MAIN');
insert into Authorships (AuthorID, BookID, Authorship) values (9, 20, 'CONTRIBUTING');
insert into Authorships (AuthorID, BookID, Authorship) values (17, 41, 'CONTRIBUTING');
insert into Authorships (AuthorID, BookID, Authorship) values (93, 49, 'CONTRIBUTING');
insert into Authorships (AuthorID, BookID, Authorship) values (60, 48, 'MAIN');
insert into Authorships (AuthorID, BookID, Authorship) values (84, 10, 'CONTRIBUTING');
insert into Authorships (AuthorID, BookID, Authorship) values (89, 5, 'MAIN');
insert into Authorships (AuthorID, BookID, Authorship) values (100, 12, 'CONTRIBUTING');
insert into Authorships (AuthorID, BookID, Authorship) values (40, 46, 'CONTRIBUTING');
insert into Authorships (AuthorID, BookID, Authorship) values (69, 5, 'MAIN');
insert into Authorships (AuthorID, BookID, Authorship) values (43, 20, 'MAIN');
insert into Authorships (AuthorID, BookID, Authorship) values (72, 6, 'CONTRIBUTING');
insert into Authorships (AuthorID, BookID, Authorship) values (43, 4, 'CONTRIBUTING');
insert into Authorships (AuthorID, BookID, Authorship) values (82, 14, 'CONTRIBUTING');
insert into Authorships (AuthorID, BookID, Authorship) values (72, 7, 'CONTRIBUTING');
insert into Authorships (AuthorID, BookID, Authorship) values (6, 10, 'MAIN');
insert into Authorships (AuthorID, BookID, Authorship) values (64, 14, 'CONTRIBUTING');
insert into Authorships (AuthorID, BookID, Authorship) values (86, 15, 'MAIN');
insert into Authorships (AuthorID, BookID, Authorship) values (35, 20, 'MAIN');
insert into Authorships (AuthorID, BookID, Authorship) values (60, 20, 'MAIN');
insert into Authorships (AuthorID, BookID, Authorship) values (31, 7, 'CONTRIBUTING');
insert into Authorships (AuthorID, BookID, Authorship) values (66, 28, 'CONTRIBUTING');
insert into Authorships (AuthorID, BookID, Authorship) values (60, 35, 'CONTRIBUTING');
insert into Authorships (AuthorID, BookID, Authorship) values (43, 2, 'MAIN');
insert into Authorships (AuthorID, BookID, Authorship) values (92, 48, 'CONTRIBUTING');
insert into Authorships (AuthorID, BookID, Authorship) values (4, 41, 'MAIN');
insert into Authorships (AuthorID, BookID, Authorship) values (2, 9, 'CONTRIBUTING');
insert into Authorships (AuthorID, BookID, Authorship) values (32, 17, 'CONTRIBUTING');
insert into Authorships (AuthorID, BookID, Authorship) values (86, 34, 'CONTRIBUTING');
insert into Authorships (AuthorID, BookID, Authorship) values (39, 16, 'CONTRIBUTING');
insert into Authorships (AuthorID, BookID, Authorship) values (29, 18, 'CONTRIBUTING');
insert into Authorships (AuthorID, BookID, Authorship) values (59, 3, 'MAIN');
insert into Authorships (AuthorID, BookID, Authorship) values (11, 1, 'CONTRIBUTING');
insert into Authorships (AuthorID, BookID, Authorship) values (100, 1, 'MAIN');
insert into Authorships (AuthorID, BookID, Authorship) values (26, 41, 'CONTRIBUTING');
insert into Authorships (AuthorID, BookID, Authorship) values (5, 27, 'CONTRIBUTING');
insert into Authorships (AuthorID, BookID, Authorship) values (83, 41, 'MAIN');
insert into Authorships (AuthorID, BookID, Authorship) values (42, 43, 'CONTRIBUTING');
insert into Authorships (AuthorID, BookID, Authorship) values (25, 10, 'CONTRIBUTING');
insert into Authorships (AuthorID, BookID, Authorship) values (40, 42, 'MAIN');
insert into Authorships (AuthorID, BookID, Authorship) values (67, 49, 'MAIN');
insert into Authorships (AuthorID, BookID, Authorship) values (23, 48, 'CONTRIBUTING');
insert into Authorships (AuthorID, BookID, Authorship) values (69, 17, 'MAIN');
insert into Authorships (AuthorID, BookID, Authorship) values (10, 28, 'CONTRIBUTING');
insert into Authorships (AuthorID, BookID, Authorship) values (8, 46, 'CONTRIBUTING');
insert into Authorships (AuthorID, BookID, Authorship) values (38, 34, 'MAIN');
insert into Authorships (AuthorID, BookID, Authorship) values (91, 38, 'CONTRIBUTING');
insert into Authorships (AuthorID, BookID, Authorship) values (95, 27, 'MAIN');
insert into Authorships (AuthorID, BookID, Authorship) values (84, 47, 'MAIN');
insert into Authorships (AuthorID, BookID, Authorship) values (89, 23, 'MAIN');
insert into Authorships (AuthorID, BookID, Authorship) values (93, 42, 'MAIN');
insert into Authorships (AuthorID, BookID, Authorship) values (93, 8, 'MAIN');
insert into Authorships (AuthorID, BookID, Authorship) values (25, 47, 'CONTRIBUTING');
insert into Authorships (AuthorID, BookID, Authorship) values (78, 24, 'MAIN');
insert into Authorships (AuthorID, BookID, Authorship) values (75, 6, 'CONTRIBUTING');
insert into Authorships (AuthorID, BookID, Authorship) values (56, 35, 'CONTRIBUTING');
insert into Authorships (AuthorID, BookID, Authorship) values (36, 12, 'CONTRIBUTING');
insert into Authorships (AuthorID, BookID, Authorship) values (67, 4, 'MAIN');
insert into Authorships (AuthorID, BookID, Authorship) values (52, 12, 'CONTRIBUTING');
insert into Authorships (AuthorID, BookID, Authorship) values (93, 50, 'MAIN');
insert into Authorships (AuthorID, BookID, Authorship) values (25, 23, 'CONTRIBUTING');
insert into Authorships (AuthorID, BookID, Authorship) values (84, 11, 'MAIN');
insert into Authorships (AuthorID, BookID, Authorship) values (2, 39, 'MAIN');
insert into Authorships (AuthorID, BookID, Authorship) values (71, 7, 'CONTRIBUTING');
insert into Authorships (AuthorID, BookID, Authorship) values (56, 4, 'MAIN');
insert into Authorships (AuthorID, BookID, Authorship) values (47, 35, 'MAIN');
insert into Authorships (AuthorID, BookID, Authorship) values (82, 38, 'MAIN');
insert into Authorships (AuthorID, BookID, Authorship) values (1, 42, 'CONTRIBUTING');
insert into Authorships (AuthorID, BookID, Authorship) values (75, 19, 'MAIN');
insert into Authorships (AuthorID, BookID, Authorship) values (74, 23, 'CONTRIBUTING');
insert into Authorships (AuthorID, BookID, Authorship) values (87, 39, 'MAIN');
insert into Authorships (AuthorID, BookID, Authorship) values (66, 48, 'CONTRIBUTING');
insert into Authorships (AuthorID, BookID, Authorship) values (56, 39, 'MAIN');
insert into Authorships (AuthorID, BookID, Authorship) values (67, 50, 'CONTRIBUTING');
insert into Authorships (AuthorID, BookID, Authorship) values (79, 33, 'MAIN');
insert into Authorships (AuthorID, BookID, Authorship) values (68, 37, 'MAIN');
insert into Authorships (AuthorID, BookID, Authorship) values (19, 45, 'CONTRIBUTING');
insert into Authorships (AuthorID, BookID, Authorship) values (30, 31, 'MAIN');
insert into Authorships (AuthorID, BookID, Authorship) values (93, 14, 'MAIN');
insert into Authorships (AuthorID, BookID, Authorship) values (47, 20, 'MAIN');
insert into Authorships (AuthorID, BookID, Authorship) values (31, 5, 'MAIN');
insert into Authorships (AuthorID, BookID, Authorship) values (69, 49, 'CONTRIBUTING');
insert into Authorships (AuthorID, BookID, Authorship) values (81, 31, 'CONTRIBUTING');
insert into Authorships (AuthorID, BookID, Authorship) values (47, 40, 'CONTRIBUTING');
insert into Authorships (AuthorID, BookID, Authorship) values (93, 9, 'CONTRIBUTING');
insert into Authorships (AuthorID, BookID, Authorship) values (76, 14, 'MAIN');
insert into Authorships (AuthorID, BookID, Authorship) values (67, 20, 'CONTRIBUTING');
insert into Authorships (AuthorID, BookID, Authorship) values (83, 10, 'CONTRIBUTING');
insert into Authorships (AuthorID, BookID, Authorship) values (1, 26, 'CONTRIBUTING');
insert into Authorships (AuthorID, BookID, Authorship) values (70, 2, 'MAIN');
insert into Authorships (AuthorID, BookID, Authorship) values (2, 11, 'MAIN');
insert into Authorships (AuthorID, BookID, Authorship) values (98, 44, 'CONTRIBUTING');
insert into Authorships (AuthorID, BookID, Authorship) values (77, 4, 'CONTRIBUTING');
insert into Authorships (AuthorID, BookID, Authorship) values (85, 6, 'MAIN');
insert into Authorships (AuthorID, BookID, Authorship) values (77, 22, 'CONTRIBUTING');
insert into Authorships (AuthorID, BookID, Authorship) values (73, 30, 'CONTRIBUTING');
insert into Authorships (AuthorID, BookID, Authorship) values (37, 1, 'MAIN');
insert into Authorships (AuthorID, BookID, Authorship) values (69, 7, 'MAIN');
insert into Authorships (AuthorID, BookID, Authorship) values (96, 36, 'CONTRIBUTING');
insert into Authorships (AuthorID, BookID, Authorship) values (73, 1, 'MAIN');
insert into Authorships (AuthorID, BookID, Authorship) values (68, 18, 'CONTRIBUTING');
insert into Authorships (AuthorID, BookID, Authorship) values (25, 4, 'MAIN');
insert into Authorships (AuthorID, BookID, Authorship) values (23, 47, 'CONTRIBUTING');
insert into Authorships (AuthorID, BookID, Authorship) values (46, 38, 'MAIN');
insert into Authorships (AuthorID, BookID, Authorship) values (24, 9, 'MAIN');
insert into Authorships (AuthorID, BookID, Authorship) values (17, 50, 'CONTRIBUTING');
insert into Authorships (AuthorID, BookID, Authorship) values (69, 50, 'CONTRIBUTING');
insert into Authorships (AuthorID, BookID, Authorship) values (24, 38, 'CONTRIBUTING');
insert into Authorships (AuthorID, BookID, Authorship) values (82, 46, 'CONTRIBUTING');
insert into Authorships (AuthorID, BookID, Authorship) values (27, 28, 'MAIN');
insert into Authorships (AuthorID, BookID, Authorship) values (5, 1, 'CONTRIBUTING');
insert into Authorships (AuthorID, BookID, Authorship) values (48, 10, 'MAIN');
insert into Authorships (AuthorID, BookID, Authorship) values (58, 50, 'CONTRIBUTING');
insert into Authorships (AuthorID, BookID, Authorship) values (39, 22, 'CONTRIBUTING');
insert into Authorships (AuthorID, BookID, Authorship) values (55, 30, 'CONTRIBUTING');
insert into Authorships (AuthorID, BookID, Authorship) values (89, 40, 'MAIN');
insert into Authorships (AuthorID, BookID, Authorship) values (80, 1, 'MAIN');
insert into Authorships (AuthorID, BookID, Authorship) values (3, 50, 'MAIN');
insert into Authorships (AuthorID, BookID, Authorship) values (49, 13, 'MAIN');
insert into Authorships (AuthorID, BookID, Authorship) values (83, 22, 'MAIN');
insert into Authorships (AuthorID, BookID, Authorship) values (61, 13, 'MAIN');
insert into Authorships (AuthorID, BookID, Authorship) values (27, 32, 'MAIN');
insert into Authorships (AuthorID, BookID, Authorship) values (10, 20, 'CONTRIBUTING');
insert into Authorships (AuthorID, BookID, Authorship) values (38, 30, 'MAIN');
insert into Authorships (AuthorID, BookID, Authorship) values (62, 4, 'CONTRIBUTING');
insert into Authorships (AuthorID, BookID, Authorship) values (45, 8, 'MAIN');
insert into Authorships (AuthorID, BookID, Authorship) values (71, 11, 'MAIN');
insert into Authorships (AuthorID, BookID, Authorship) values (87, 25, 'MAIN');
insert into Authorships (AuthorID, BookID, Authorship) values (44, 5, 'MAIN');
insert into Authorships (AuthorID, BookID, Authorship) values (20, 12, 'MAIN');
insert into Authorships (AuthorID, BookID, Authorship) values (99, 1, 'CONTRIBUTING');
insert into Authorships (AuthorID, BookID, Authorship) values (14, 14, 'MAIN');
insert into Authorships (AuthorID, BookID, Authorship) values (80, 42, 'MAIN');
insert into Authorships (AuthorID, BookID, Authorship) values (52, 7, 'CONTRIBUTING');
insert into Authorships (AuthorID, BookID, Authorship) values (67, 42, 'CONTRIBUTING');
insert into Authorships (AuthorID, BookID, Authorship) values (26, 36, 'CONTRIBUTING');
insert into Authorships (AuthorID, BookID, Authorship) values (5, 9, 'MAIN');
insert into Authorships (AuthorID, BookID, Authorship) values (4, 23, 'MAIN');
insert into Authorships (AuthorID, BookID, Authorship) values (13, 19, 'CONTRIBUTING');
insert into Authorships (AuthorID, BookID, Authorship) values (78, 49, 'CONTRIBUTING');
insert into Authorships (AuthorID, BookID, Authorship) values (100, 26, 'MAIN');
insert into Authorships (AuthorID, BookID, Authorship) values (81, 42, 'CONTRIBUTING');
insert into Authorships (AuthorID, BookID, Authorship) values (45, 19, 'CONTRIBUTING');
insert into Authorships (AuthorID, BookID, Authorship) values (73, 48, 'CONTRIBUTING');
insert into Authorships (AuthorID, BookID, Authorship) values (59, 31, 'MAIN');
insert into Authorships (AuthorID, BookID, Authorship) values (95, 44, 'CONTRIBUTING');
insert into Authorships (AuthorID, BookID, Authorship) values (27, 14, 'MAIN');
insert into Authorships (AuthorID, BookID, Authorship) values (95, 41, 'MAIN');
insert into Authorships (AuthorID, BookID, Authorship) values (76, 20, 'MAIN');
insert into Authorships (AuthorID, BookID, Authorship) values (96, 49, 'MAIN');
insert into Authorships (AuthorID, BookID, Authorship) values (81, 44, 'CONTRIBUTING');
insert into Authorships (AuthorID, BookID, Authorship) values (64, 13, 'MAIN');
insert into Authorships (AuthorID, BookID, Authorship) values (62, 21, 'CONTRIBUTING');
insert into Authorships (AuthorID, BookID, Authorship) values (87, 43, 'MAIN');
insert into Authorships (AuthorID, BookID, Authorship) values (89, 30, 'CONTRIBUTING');
insert into Authorships (AuthorID, BookID, Authorship) values (53, 29, 'CONTRIBUTING');
insert into Authorships (AuthorID, BookID, Authorship) values (12, 16, 'MAIN');
insert into Authorships (AuthorID, BookID, Authorship) values (40, 26, 'CONTRIBUTING');
insert into Authorships (AuthorID, BookID, Authorship) values (58, 43, 'CONTRIBUTING');
insert into Authorships (AuthorID, BookID, Authorship) values (7, 1, 'CONTRIBUTING');
insert into Authorships (AuthorID, BookID, Authorship) values (91, 8, 'MAIN');
insert into Authorships (AuthorID, BookID, Authorship) values (8, 16, 'MAIN');
insert into Authorships (AuthorID, BookID, Authorship) values (63, 8, 'CONTRIBUTING');
insert into Authorships (AuthorID, BookID, Authorship) values (16, 33, 'MAIN');
insert into Authorships (AuthorID, BookID, Authorship) values (20, 11, 'CONTRIBUTING');
insert into Authorships (AuthorID, BookID, Authorship) values (30, 28, 'CONTRIBUTING');
insert into Authorships (AuthorID, BookID, Authorship) values (56, 38, 'CONTRIBUTING');
insert into Authorships (AuthorID, BookID, Authorship) values (65, 2, 'CONTRIBUTING');
insert into Authorships (AuthorID, BookID, Authorship) values (11, 49, 'MAIN');
insert into Authorships (AuthorID, BookID, Authorship) values (18, 28, 'MAIN');
insert into Authorships (AuthorID, BookID, Authorship) values (85, 16, 'MAIN');
insert into Authorships (AuthorID, BookID, Authorship) values (56, 8, 'MAIN');
insert into Authorships (AuthorID, BookID, Authorship) values (90, 50, 'CONTRIBUTING');
insert into Authorships (AuthorID, BookID, Authorship) values (22, 30, 'MAIN');
insert into Authorships (AuthorID, BookID, Authorship) values (71, 16, 'CONTRIBUTING');
insert into Authorships (AuthorID, BookID, Authorship) values (7, 5, 'CONTRIBUTING');
insert into Authorships (AuthorID, BookID, Authorship) values (21, 49, 'CONTRIBUTING');
insert into Authorships (AuthorID, BookID, Authorship) values (53, 44, 'CONTRIBUTING');
insert into Authorships (AuthorID, BookID, Authorship) values (99, 16, 'CONTRIBUTING');
insert into Authorships (AuthorID, BookID, Authorship) values (32, 8, 'CONTRIBUTING');
insert into Authorships (AuthorID, BookID, Authorship) values (94, 43, 'CONTRIBUTING');
insert into Authorships (AuthorID, BookID, Authorship) values (65, 5, 'MAIN');
insert into Authorships (AuthorID, BookID, Authorship) values (81, 43, 'CONTRIBUTING');
insert into Authorships (AuthorID, BookID, Authorship) values (33, 30, 'MAIN');
insert into Authorships (AuthorID, BookID, Authorship) values (54, 7, 'MAIN');
insert into Authorships (AuthorID, BookID, Authorship) values (31, 42, 'MAIN');
insert into Authorships (AuthorID, BookID, Authorship) values (34, 18, 'MAIN');
insert into Authorships (AuthorID, BookID, Authorship) values (53, 42, 'CONTRIBUTING');
insert into Authorships (AuthorID, BookID, Authorship) values (90, 48, 'MAIN');
insert into Authorships (AuthorID, BookID, Authorship) values (4, 26, 'CONTRIBUTING');
insert into Authorships (AuthorID, BookID, Authorship) values (77, 5, 'CONTRIBUTING');
insert into Authorships (AuthorID, BookID, Authorship) values (21, 43, 'CONTRIBUTING');
insert into Authorships (AuthorID, BookID, Authorship) values (87, 9, 'CONTRIBUTING');
insert into Authorships (AuthorID, BookID, Authorship) values (36, 20, 'CONTRIBUTING');
insert into Authorships (AuthorID, BookID, Authorship) values (37, 37, 'CONTRIBUTING');
insert into Authorships (AuthorID, BookID, Authorship) values (77, 39, 'CONTRIBUTING');
insert into Authorships (AuthorID, BookID, Authorship) values (95, 35, 'MAIN');
insert into Authorships (AuthorID, BookID, Authorship) values (38, 47, 'MAIN');
insert into Authorships (AuthorID, BookID, Authorship) values (35, 24, 'MAIN');
insert into Authorships (AuthorID, BookID, Authorship) values (61, 26, 'CONTRIBUTING');
insert into Authorships (AuthorID, BookID, Authorship) values (49, 28, 'CONTRIBUTING');
insert into Authorships (AuthorID, BookID, Authorship) values (41, 8, 'CONTRIBUTING');
insert into Authorships (AuthorID, BookID, Authorship) values (48, 41, 'MAIN');
insert into Authorships (AuthorID, BookID, Authorship) values (50, 25, 'CONTRIBUTING');
insert into Authorships (AuthorID, BookID, Authorship) values (66, 32, 'CONTRIBUTING');
insert into Authorships (AuthorID, BookID, Authorship) values (5, 5, 'MAIN');
insert into Authorships (AuthorID, BookID, Authorship) values (8, 37, 'CONTRIBUTING');
insert into Authorships (AuthorID, BookID, Authorship) values (82, 26, 'MAIN');
insert into Authorships (AuthorID, BookID, Authorship) values (13, 14, 'CONTRIBUTING');
insert into Authorships (AuthorID, BookID, Authorship) values (95, 29, 'MAIN');
insert into Authorships (AuthorID, BookID, Authorship) values (55, 48, 'MAIN');
insert into Authorships (AuthorID, BookID, Authorship) values (92, 44, 'MAIN');
insert into Authorships (AuthorID, BookID, Authorship) values (85, 40, 'MAIN');
insert into Authorships (AuthorID, BookID, Authorship) values (38, 1, 'CONTRIBUTING');
insert into Authorships (AuthorID, BookID, Authorship) values (62, 30, 'MAIN');
insert into Authorships (AuthorID, BookID, Authorship) values (100, 34, 'CONTRIBUTING');
insert into Authorships (AuthorID, BookID, Authorship) values (95, 21, 'CONTRIBUTING');
insert into Authorships (AuthorID, BookID, Authorship) values (57, 42, 'MAIN');
insert into Authorships (AuthorID, BookID, Authorship) values (72, 9, 'MAIN');
insert into Authorships (AuthorID, BookID, Authorship) values (45, 34, 'CONTRIBUTING');
insert into Authorships (AuthorID, BookID, Authorship) values (55, 39, 'MAIN');
insert into Authorships (AuthorID, BookID, Authorship) values (48, 22, 'CONTRIBUTING');
insert into Authorships (AuthorID, BookID, Authorship) values (34, 15, 'MAIN');
insert into Authorships (AuthorID, BookID, Authorship) values (6, 4, 'CONTRIBUTING');
insert into Authorships (AuthorID, BookID, Authorship) values (16, 10, 'CONTRIBUTING');
insert into Authorships (AuthorID, BookID, Authorship) values (26, 24, 'MAIN');
insert into Authorships (AuthorID, BookID, Authorship) values (50, 29, 'CONTRIBUTING');
insert into Authorships (AuthorID, BookID, Authorship) values (4, 33, 'MAIN');
insert into Authorships (AuthorID, BookID, Authorship) values (86, 45, 'MAIN');
insert into Authorships (AuthorID, BookID, Authorship) values (28, 6, 'MAIN');
insert into Authorships (AuthorID, BookID, Authorship) values (11, 44, 'MAIN');
insert into Authorships (AuthorID, BookID, Authorship) values (52, 38, 'MAIN');
insert into Authorships (AuthorID, BookID, Authorship) values (87, 26, 'MAIN');
insert into Authorships (AuthorID, BookID, Authorship) values (19, 17, 'CONTRIBUTING');
insert into Authorships (AuthorID, BookID, Authorship) values (11, 40, 'CONTRIBUTING');
insert into Authorships (AuthorID, BookID, Authorship) values (53, 37, 'CONTRIBUTING');
insert into Authorships (AuthorID, BookID, Authorship) values (84, 28, 'MAIN');
insert into Authorships (AuthorID, BookID, Authorship) values (73, 38, 'CONTRIBUTING');
insert into Authorships (AuthorID, BookID, Authorship) values (44, 2, 'CONTRIBUTING');
insert into Authorships (AuthorID, BookID, Authorship) values (4, 6, 'MAIN');
insert into Authorships (AuthorID, BookID, Authorship) values (35, 44, 'MAIN');
insert into Authorships (AuthorID, BookID, Authorship) values (21, 32, 'MAIN');
insert into Authorships (AuthorID, BookID, Authorship) values (74, 28, 'CONTRIBUTING');
insert into Authorships (AuthorID, BookID, Authorship) values (78, 9, 'CONTRIBUTING');
insert into Authorships (AuthorID, BookID, Authorship) values (55, 50, 'CONTRIBUTING');
insert into Authorships (AuthorID, BookID, Authorship) values (48, 38, 'MAIN');
insert into Authorships (AuthorID, BookID, Authorship) values (55, 9, 'MAIN');
insert into Authorships (AuthorID, BookID, Authorship) values (95, 33, 'CONTRIBUTING');
insert into Authorships (AuthorID, BookID, Authorship) values (7, 22, 'MAIN');
insert into Authorships (AuthorID, BookID, Authorship) values (73, 32, 'CONTRIBUTING');
insert into Authorships (AuthorID, BookID, Authorship) values (78, 1, 'MAIN');
insert into Authorships (AuthorID, BookID, Authorship) values (30, 4, 'MAIN');
insert into Authorships (AuthorID, BookID, Authorship) values (65, 40, 'CONTRIBUTING');
insert into Authorships (AuthorID, BookID, Authorship) values (90, 19, 'CONTRIBUTING');
insert into Authorships (AuthorID, BookID, Authorship) values (16, 24, 'MAIN');
insert into Authorships (AuthorID, BookID, Authorship) values (45, 30, 'CONTRIBUTING');
insert into Authorships (AuthorID, BookID, Authorship) values (29, 35, 'CONTRIBUTING');
insert into Authorships (AuthorID, BookID, Authorship) values (17, 30, 'CONTRIBUTING');
insert into Authorships (AuthorID, BookID, Authorship) values (59, 34, 'MAIN');
insert into Authorships (AuthorID, BookID, Authorship) values (78, 11, 'MAIN');
insert into Authorships (AuthorID, BookID, Authorship) values (70, 13, 'MAIN');
insert into Authorships (AuthorID, BookID, Authorship) values (1, 43, 'CONTRIBUTING');
insert into Authorships (AuthorID, BookID, Authorship) values (63, 29, 'CONTRIBUTING');
insert into Authorships (AuthorID, BookID, Authorship) values (26, 14, 'CONTRIBUTING');
insert into Authorships (AuthorID, BookID, Authorship) values (50, 32, 'MAIN');
insert into Authorships (AuthorID, BookID, Authorship) values (33, 36, 'MAIN');
insert into Authorships (AuthorID, BookID, Authorship) values (34, 50, 'MAIN');
insert into Authorships (AuthorID, BookID, Authorship) values (90, 38, 'CONTRIBUTING');
insert into Authorships (AuthorID, BookID, Authorship) values (12, 2, 'CONTRIBUTING');
insert into Authorships (AuthorID, BookID, Authorship) values (91, 44, 'CONTRIBUTING');
insert into Authorships (AuthorID, BookID, Authorship) values (54, 13, 'CONTRIBUTING');
insert into Authorships (AuthorID, BookID, Authorship) values (42, 11, 'MAIN');
insert into Authorships (AuthorID, BookID, Authorship) values (87, 42, 'MAIN');


insert into Librarian (LibrarianID, Name) values (1, 'Nicholas Gladtbach');
insert into Librarian (LibrarianID, Name) values (2, 'Ronica Vinden');
insert into Librarian (LibrarianID, Name) values (3, 'Krishna Otto');
insert into Librarian (LibrarianID, Name) values (4, 'Granville Lauxmann');
insert into Librarian (LibrarianID, Name) values (5, 'Dixie Davydkov');
insert into Librarian (LibrarianID, Name) values (6, 'Zachary Luff');
insert into Librarian (LibrarianID, Name) values (7, 'Patti Ashling');
insert into Librarian (LibrarianID, Name) values (8, 'Chancey Divall');
insert into Librarian (LibrarianID, Name) values (9, 'Liva Hayesman');
insert into Librarian (LibrarianID, Name) values (10, 'Hymie Thomton');
insert into Librarian (LibrarianID, Name) values (11, 'Leo Kubat');
insert into Librarian (LibrarianID, Name) values (12, 'Ali Heatlie');
insert into Librarian (LibrarianID, Name) values (13, 'Aileen Grimme');
insert into Librarian (LibrarianID, Name) values (14, 'Chiquita Seward');
insert into Librarian (LibrarianID, Name) values (15, 'Evan Wotton');
insert into Librarian (LibrarianID, Name) values (16, 'Sonni Jaouen');
insert into Librarian (LibrarianID, Name) values (17, 'Billye Dearness');
insert into Librarian (LibrarianID, Name) values (18, 'Maxim Crehan');
insert into Librarian (LibrarianID, Name) values (19, 'Travis Lethieulier');
insert into Librarian (LibrarianID, Name) values (20, 'Aluino Pleaden');
insert into Librarian (LibrarianID, Name) values (21, 'Anstice Boggs');
insert into Librarian (LibrarianID, Name) values (22, 'Aggie Rothon');
insert into Librarian (LibrarianID, Name) values (23, 'Calli Victory');
insert into Librarian (LibrarianID, Name) values (24, 'Nathaniel McNae');
insert into Librarian (LibrarianID, Name) values (25, 'Gabriellia Doumenc');
insert into Librarian (LibrarianID, Name) values (26, 'Nicolina Lain');
insert into Librarian (LibrarianID, Name) values (27, 'Sayre Haslock');
insert into Librarian (LibrarianID, Name) values (28, 'Udell Bocking');
insert into Librarian (LibrarianID, Name) values (29, 'Nate Castletine');
insert into Librarian (LibrarianID, Name) values (30, 'Asa Beckmann');
insert into Librarian (LibrarianID, Name) values (31, 'Vanya Osgardby');
insert into Librarian (LibrarianID, Name) values (32, 'Cherry Mandeville');
insert into Librarian (LibrarianID, Name) values (33, 'Gerry Kayne');
insert into Librarian (LibrarianID, Name) values (34, 'Andros MacTeggart');
insert into Librarian (LibrarianID, Name) values (35, 'Margarete Gogarty');
insert into Librarian (LibrarianID, Name) values (36, 'Freedman Eskrigge');
insert into Librarian (LibrarianID, Name) values (37, 'Clyde Kighly');
insert into Librarian (LibrarianID, Name) values (38, 'Selle Briddle');
insert into Librarian (LibrarianID, Name) values (39, 'Shelley Matuszak');
insert into Librarian (LibrarianID, Name) values (40, 'Otes Haughton');
insert into Librarian (LibrarianID, Name) values (41, 'Dillon Bignal');
insert into Librarian (LibrarianID, Name) values (42, 'Anny Fritchly');
insert into Librarian (LibrarianID, Name) values (43, 'Agretha Virgin');
insert into Librarian (LibrarianID, Name) values (44, 'Pauletta Rawlinson');
insert into Librarian (LibrarianID, Name) values (45, 'Jud Braniff');
insert into Librarian (LibrarianID, Name) values (46, 'Tallulah Patzelt');
insert into Librarian (LibrarianID, Name) values (47, 'Andrej Flucker');
insert into Librarian (LibrarianID, Name) values (48, 'Chad Eunson');
insert into Librarian (LibrarianID, Name) values (49, 'Coleen Baughn');
insert into Librarian (LibrarianID, Name) values (50, 'Stafani Alflatt');



insert into Users (UserID, Name) values (1, 'Thorvald Grishankov');
insert into Users (UserID, Name) values (2, 'Harrison Pawle');
insert into Users (UserID, Name) values (3, 'Bailie Nice');
insert into Users (UserID, Name) values (4, 'Coralyn Velareal');
insert into Users (UserID, Name) values (5, 'Zachariah Gettings');
insert into Users (UserID, Name) values (6, 'Washington Benardeau');
insert into Users (UserID, Name) values (7, 'Garrard Labram');
insert into Users (UserID, Name) values (8, 'Dyann Mc Caughen');
insert into Users (UserID, Name) values (9, 'Micky Pavelka');
insert into Users (UserID, Name) values (10, 'Connor Jacobs');
insert into Users (UserID, Name) values (11, 'Corney Malden');
insert into Users (UserID, Name) values (12, 'Basilio Anan');
insert into Users (UserID, Name) values (13, 'Sorcha Bootherstone');
insert into Users (UserID, Name) values (14, 'Carmen Cleverly');
insert into Users (UserID, Name) values (15, 'Gabbey Rubinow');
insert into Users (UserID, Name) values (16, 'Byrann Steade');
insert into Users (UserID, Name) values (17, 'Tully Russam');
insert into Users (UserID, Name) values (18, 'Meara MacTurlough');
insert into Users (UserID, Name) values (19, 'Samuel Borthram');
insert into Users (UserID, Name) values (20, 'Harman Pill');
insert into Users (UserID, Name) values (21, 'Sophia Reichhardt');
insert into Users (UserID, Name) values (22, 'Barbara Bram');
insert into Users (UserID, Name) values (23, 'Clarine Tripet');
insert into Users (UserID, Name) values (24, 'Scotty Potten');
insert into Users (UserID, Name) values (25, 'Booth Kersting');
insert into Users (UserID, Name) values (26, 'Kipper Huggan');
insert into Users (UserID, Name) values (27, 'Bambie Betteridge');
insert into Users (UserID, Name) values (28, 'Timothy Boxhill');
insert into Users (UserID, Name) values (29, 'Saunders Frape');
insert into Users (UserID, Name) values (30, 'Cariotta Minghi');
insert into Users (UserID, Name) values (31, 'Griffith Glasscott');
insert into Users (UserID, Name) values (32, 'Arturo Foakes');
insert into Users (UserID, Name) values (33, 'Davy Blonden');
insert into Users (UserID, Name) values (34, 'Patin Scotts');
insert into Users (UserID, Name) values (35, 'Marcy Huggett');
insert into Users (UserID, Name) values (36, 'Arther Wisdom');
insert into Users (UserID, Name) values (37, 'Umberto Cockayme');
insert into Users (UserID, Name) values (38, 'Alexander Fewless');
insert into Users (UserID, Name) values (39, 'Grete Grumbridge');
insert into Users (UserID, Name) values (40, 'Joli Northey');
insert into Users (UserID, Name) values (41, 'Nonnah Trass');
insert into Users (UserID, Name) values (42, 'Berta Maxwale');
insert into Users (UserID, Name) values (43, 'Nichols Eastam');
insert into Users (UserID, Name) values (44, 'Martha Pethick');
insert into Users (UserID, Name) values (45, 'Nola Crosher');
insert into Users (UserID, Name) values (46, 'Danna Prigmore');
insert into Users (UserID, Name) values (47, 'Evelyn Crame');
insert into Users (UserID, Name) values (48, 'Patrica Daniells');
insert into Users (UserID, Name) values (49, 'Korie Kearley');
insert into Users (UserID, Name) values (50, 'Riva Stockwell');
insert into Users (UserID, Name) values (51, 'Alano Nuzzi');
insert into Users (UserID, Name) values (52, 'Basil Hamilton');
insert into Users (UserID, Name) values (53, 'Hildagarde Philbrook');
insert into Users (UserID, Name) values (54, 'Anne-corinne Skidmore');
insert into Users (UserID, Name) values (55, 'Aleta Penson');
insert into Users (UserID, Name) values (56, 'Heinrick Reddihough');
insert into Users (UserID, Name) values (57, 'Gamaliel Middell');
insert into Users (UserID, Name) values (58, 'Nedda Rieger');
insert into Users (UserID, Name) values (59, 'Dyanne Banville');
insert into Users (UserID, Name) values (60, 'Tiebold Cescoti');
insert into Users (UserID, Name) values (61, 'Erminia Izakovitz');
insert into Users (UserID, Name) values (62, 'Dore Mucillo');
insert into Users (UserID, Name) values (63, 'Alejandrina Chevins');
insert into Users (UserID, Name) values (64, 'Sheridan Muggleston');
insert into Users (UserID, Name) values (65, 'Dana Cammacke');
insert into Users (UserID, Name) values (66, 'Eveline O''Cassidy');
insert into Users (UserID, Name) values (67, 'Sydney Wragge');
insert into Users (UserID, Name) values (68, 'Judye McOrkill');
insert into Users (UserID, Name) values (69, 'Cly Piddocke');
insert into Users (UserID, Name) values (70, 'Lucian Sole');
insert into Users (UserID, Name) values (71, 'Nigel Poyntz');
insert into Users (UserID, Name) values (72, 'Shane Yeoland');
insert into Users (UserID, Name) values (73, 'Orelia Crotch');
insert into Users (UserID, Name) values (74, 'Neils Boswell');
insert into Users (UserID, Name) values (75, 'Clim Karlsson');
insert into Users (UserID, Name) values (76, 'Lesley Rulton');
insert into Users (UserID, Name) values (77, 'Johan Zieme');
insert into Users (UserID, Name) values (78, 'Jenda Ciotti');
insert into Users (UserID, Name) values (79, 'Evelin Cutten');
insert into Users (UserID, Name) values (80, 'Jordanna Baty');
insert into Users (UserID, Name) values (81, 'Brook Miell');
insert into Users (UserID, Name) values (82, 'Arlena Barme');
insert into Users (UserID, Name) values (83, 'Daisy Armatidge');
insert into Users (UserID, Name) values (84, 'Antonina Oboy');
insert into Users (UserID, Name) values (85, 'Dyana Mannin');
insert into Users (UserID, Name) values (86, 'Julie Hursey');
insert into Users (UserID, Name) values (87, 'Alvie Hackinge');
insert into Users (UserID, Name) values (88, 'Mirabella Bogace');
insert into Users (UserID, Name) values (89, 'Merola Russo');
insert into Users (UserID, Name) values (90, 'Shannah Laight');
insert into Users (UserID, Name) values (91, 'Urbano Duferie');
insert into Users (UserID, Name) values (92, 'Lilli Josland');
insert into Users (UserID, Name) values (93, 'Samuel Doyland');
insert into Users (UserID, Name) values (94, 'Rosanne Walklot');
insert into Users (UserID, Name) values (95, 'Fayina Symes');
insert into Users (UserID, Name) values (96, 'Lillian Djurkovic');
insert into Users (UserID, Name) values (97, 'Elisa Radleigh');
insert into Users (UserID, Name) values (98, 'Cris Barhims');
insert into Users (UserID, Name) values (99, 'Raleigh Romagosa');
insert into Users (UserID, Name) values (100, 'Renee Langran');




insert into Borrowings (BorrowingID, BorrowDate, DueDate, ReturnDate, ExtensionDays, LateFee, CopyID, UserID) values (1, '12/26/2022', null, '6/19/2023', 0, 0, 572, 100);
insert into Borrowings (BorrowingID, BorrowDate, DueDate, ReturnDate, ExtensionDays, LateFee, CopyID, UserID) values (2, '10/24/2023', null, '12/12/2023', 0, 0, 740, 41);
insert into Borrowings (BorrowingID, BorrowDate, DueDate, ReturnDate, ExtensionDays, LateFee, CopyID, UserID) values (3, '8/26/2023', null, '1/25/2024', 0, 0, 577, 47);
insert into Borrowings (BorrowingID, BorrowDate, DueDate, ReturnDate, ExtensionDays, LateFee, CopyID, UserID) values (4, '5/17/2023', null, '7/25/2023', 0, 0, 500, 85);
insert into Borrowings (BorrowingID, BorrowDate, DueDate, ReturnDate, ExtensionDays, LateFee, CopyID, UserID) values (5, '7/13/2023', null, '8/7/2023', 0, 0, 38, 67);
insert into Borrowings (BorrowingID, BorrowDate, DueDate, ReturnDate, ExtensionDays, LateFee, CopyID, UserID) values (6, '11/14/2023', null, '12/18/2023', 0, 0, 669, 20);
insert into Borrowings (BorrowingID, BorrowDate, DueDate, ReturnDate, ExtensionDays, LateFee, CopyID, UserID) values (7, '2/6/2023', null, '8/26/2023', 0, 0, 989, 87);
insert into Borrowings (BorrowingID, BorrowDate, DueDate, ReturnDate, ExtensionDays, LateFee, CopyID, UserID) values (8, '10/13/2023', null, '11/25/2023', 0, 0, 261, 14);
insert into Borrowings (BorrowingID, BorrowDate, DueDate, ReturnDate, ExtensionDays, LateFee, CopyID, UserID) values (9, '11/5/2023', null, '12/9/2023', 0, 0, 100, 29);
insert into Borrowings (BorrowingID, BorrowDate, DueDate, ReturnDate, ExtensionDays, LateFee, CopyID, UserID) values (10, '12/29/2022', null, '5/28/2023', 0, 0, 642, 51);
insert into Borrowings (BorrowingID, BorrowDate, DueDate, ReturnDate, ExtensionDays, LateFee, CopyID, UserID) values (11, '10/5/2023', null, '11/21/2023', 0, 0, 908, 29);
insert into Borrowings (BorrowingID, BorrowDate, DueDate, ReturnDate, ExtensionDays, LateFee, CopyID, UserID) values (12, '4/13/2023', null, '10/29/2023', 0, 0, 292, 79);
insert into Borrowings (BorrowingID, BorrowDate, DueDate, ReturnDate, ExtensionDays, LateFee, CopyID, UserID) values (13, '2/4/2023', null, '3/26/2023', 0, 0, 94, 48);
insert into Borrowings (BorrowingID, BorrowDate, DueDate, ReturnDate, ExtensionDays, LateFee, CopyID, UserID) values (14, '2/18/2023', null, '4/1/2023', 0, 0, 75, 56);
insert into Borrowings (BorrowingID, BorrowDate, DueDate, ReturnDate, ExtensionDays, LateFee, CopyID, UserID) values (15, '3/29/2023', null, '11/29/2023', 0, 0, 164, 100);
insert into Borrowings (BorrowingID, BorrowDate, DueDate, ReturnDate, ExtensionDays, LateFee, CopyID, UserID) values (16, '8/30/2023', null, '9/22/2023', 0, 0, 133, 75);
insert into Borrowings (BorrowingID, BorrowDate, DueDate, ReturnDate, ExtensionDays, LateFee, CopyID, UserID) values (17, '7/8/2023', null, '1/11/2024', 0, 0, 272, 67);
insert into Borrowings (BorrowingID, BorrowDate, DueDate, ReturnDate, ExtensionDays, LateFee, CopyID, UserID) values (18, '9/21/2023', null, '10/13/2023', 0, 0, 819, 39);
insert into Borrowings (BorrowingID, BorrowDate, DueDate, ReturnDate, ExtensionDays, LateFee, CopyID, UserID) values (19, '10/18/2023', null, '11/7/2023', 0, 0, 834, 43);
insert into Borrowings (BorrowingID, BorrowDate, DueDate, ReturnDate, ExtensionDays, LateFee, CopyID, UserID) values (20, '3/25/2023', null, '8/26/2023', 0, 0, 731, 67);
insert into Borrowings (BorrowingID, BorrowDate, DueDate, ReturnDate, ExtensionDays, LateFee, CopyID, UserID) values (21, '6/5/2023', null, '10/2/2023', 0, 0, 907, 27);
insert into Borrowings (BorrowingID, BorrowDate, DueDate, ReturnDate, ExtensionDays, LateFee, CopyID, UserID) values (22, '9/19/2023', null, '12/27/2023', 0, 0, 734, 1);
insert into Borrowings (BorrowingID, BorrowDate, DueDate, ReturnDate, ExtensionDays, LateFee, CopyID, UserID) values (23, '9/22/2023', null, '12/9/2023', 0, 0, 671, 38);
insert into Borrowings (BorrowingID, BorrowDate, DueDate, ReturnDate, ExtensionDays, LateFee, CopyID, UserID) values (24, '11/14/2023', null, '12/17/2023', 0, 0, 639, 90);
insert into Borrowings (BorrowingID, BorrowDate, DueDate, ReturnDate, ExtensionDays, LateFee, CopyID, UserID) values (25, '1/21/2023', null, '5/17/2023', 0, 0, 123, 57);
insert into Borrowings (BorrowingID, BorrowDate, DueDate, ReturnDate, ExtensionDays, LateFee, CopyID, UserID) values (26, '2/13/2023', null, '6/8/2023', 0, 0, 64, 31);
insert into Borrowings (BorrowingID, BorrowDate, DueDate, ReturnDate, ExtensionDays, LateFee, CopyID, UserID) values (27, '11/17/2023', null, '3/20/2024', 0, 0, 476, 52);
insert into Borrowings (BorrowingID, BorrowDate, DueDate, ReturnDate, ExtensionDays, LateFee, CopyID, UserID) values (28, '1/28/2023', null, '1/19/2024', 0, 0, 896, 21);
insert into Borrowings (BorrowingID, BorrowDate, DueDate, ReturnDate, ExtensionDays, LateFee, CopyID, UserID) values (29, '3/12/2023', null, '10/9/2023', 0, 0, 245, 27);
insert into Borrowings (BorrowingID, BorrowDate, DueDate, ReturnDate, ExtensionDays, LateFee, CopyID, UserID) values (30, '7/2/2023', null, '11/27/2023', 0, 0, 270, 44);
insert into Borrowings (BorrowingID, BorrowDate, DueDate, ReturnDate, ExtensionDays, LateFee, CopyID, UserID) values (31, '3/13/2023', null, '1/2/2024', 0, 0, 292, 84);
insert into Borrowings (BorrowingID, BorrowDate, DueDate, ReturnDate, ExtensionDays, LateFee, CopyID, UserID) values (32, '8/20/2023', null, '1/2/2024', 0, 0, 136, 55);
insert into Borrowings (BorrowingID, BorrowDate, DueDate, ReturnDate, ExtensionDays, LateFee, CopyID, UserID) values (33, '10/4/2023', null, '3/17/2024', 0, 0, 705, 31);
insert into Borrowings (BorrowingID, BorrowDate, DueDate, ReturnDate, ExtensionDays, LateFee, CopyID, UserID) values (34, '8/4/2023', null, '8/30/2023', 0, 0, 189, 50);
insert into Borrowings (BorrowingID, BorrowDate, DueDate, ReturnDate, ExtensionDays, LateFee, CopyID, UserID) values (35, '11/28/2023', null, '12/14/2024', 0, 0, 942, 7);
insert into Borrowings (BorrowingID, BorrowDate, DueDate, ReturnDate, ExtensionDays, LateFee, CopyID, UserID) values (36, '6/24/2023', null, '10/25/2023', 0, 0, 795, 22);
insert into Borrowings (BorrowingID, BorrowDate, DueDate, ReturnDate, ExtensionDays, LateFee, CopyID, UserID) values (37, '8/2/2023', null, '8/28/2023', 0, 0, 83, 4);
insert into Borrowings (BorrowingID, BorrowDate, DueDate, ReturnDate, ExtensionDays, LateFee, CopyID, UserID) values (38, '5/20/2023', null, '6/18/2023', 0, 0, 118, 95);
insert into Borrowings (BorrowingID, BorrowDate, DueDate, ReturnDate, ExtensionDays, LateFee, CopyID, UserID) values (39, '6/7/2023', null, '9/30/2023', 0, 0, 924, 19);
insert into Borrowings (BorrowingID, BorrowDate, DueDate, ReturnDate, ExtensionDays, LateFee, CopyID, UserID) values (40, '9/22/2023', null, '10/05/2023', 0, 0, 51, 85);
insert into Borrowings (BorrowingID, BorrowDate, DueDate, ReturnDate, ExtensionDays, LateFee, CopyID, UserID) values (41, '1/11/2023', null, '6/5/2023', 0, 0, 931, 67);
insert into Borrowings (BorrowingID, BorrowDate, DueDate, ReturnDate, ExtensionDays, LateFee, CopyID, UserID) values (42, '2/1/2023', null, '10/10/2023', 0, 0, 184, 38);
insert into Borrowings (BorrowingID, BorrowDate, DueDate, ReturnDate, ExtensionDays, LateFee, CopyID, UserID) values (43, '5/22/2023', null, '6/11/2023', 0, 0, 90, 24);
insert into Borrowings (BorrowingID, BorrowDate, DueDate, ReturnDate, ExtensionDays, LateFee, CopyID, UserID) values (44, '6/29/2023', null, '12/31/2023', 0, 0, 497, 16);
insert into Borrowings (BorrowingID, BorrowDate, DueDate, ReturnDate, ExtensionDays, LateFee, CopyID, UserID) values (45, '11/24/2023', null, '12/29/2023', 0, 0, 568, 15);
insert into Borrowings (BorrowingID, BorrowDate, DueDate, ReturnDate, ExtensionDays, LateFee, CopyID, UserID) values (46, '8/18/2023', null, '8/22/2024', 0, 0, 415, 49);
insert into Borrowings (BorrowingID, BorrowDate, DueDate, ReturnDate, ExtensionDays, LateFee, CopyID, UserID) values (47, '2/16/2023', null, '4/25/2023', 0, 0, 584, 4);
insert into Borrowings (BorrowingID, BorrowDate, DueDate, ReturnDate, ExtensionDays, LateFee, CopyID, UserID) values (48, '6/30/2023', null, '12/14/2023', 0, 0, 597, 15);
insert into Borrowings (BorrowingID, BorrowDate, DueDate, ReturnDate, ExtensionDays, LateFee, CopyID, UserID) values (49, '12/31/2022', null, '8/24/2023', 0, 0, 81, 29);
insert into Borrowings (BorrowingID, BorrowDate, DueDate, ReturnDate, ExtensionDays, LateFee, CopyID, UserID) values (50, '4/10/2023', null, '8/29/2023', 0, 0, 940, 21);
insert into Borrowings (BorrowingID, BorrowDate, DueDate, ReturnDate, ExtensionDays, LateFee, CopyID, UserID) values (51, '8/11/2023', null, '12/21/2023', 0, 0, 788, 72);
insert into Borrowings (BorrowingID, BorrowDate, DueDate, ReturnDate, ExtensionDays, LateFee, CopyID, UserID) values (52, '2/4/2023', null, '2/21/2023', 0, 0, 221, 67);
insert into Borrowings (BorrowingID, BorrowDate, DueDate, ReturnDate, ExtensionDays, LateFee, CopyID, UserID) values (53, '2/22/2023', null, '12/22/2023', 0, 0, 37, 79);
insert into Borrowings (BorrowingID, BorrowDate, DueDate, ReturnDate, ExtensionDays, LateFee, CopyID, UserID) values (54, '11/1/2023', null, '11/28/2023', 0, 0, 697, 59);
insert into Borrowings (BorrowingID, BorrowDate, DueDate, ReturnDate, ExtensionDays, LateFee, CopyID, UserID) values (55, '8/22/2023', null, '11/23/2023', 0, 0, 480, 23);
insert into Borrowings (BorrowingID, BorrowDate, DueDate, ReturnDate, ExtensionDays, LateFee, CopyID, UserID) values (56, '2/25/2023', null, '10/15/2023', 0, 0, 672, 65);
insert into Borrowings (BorrowingID, BorrowDate, DueDate, ReturnDate, ExtensionDays, LateFee, CopyID, UserID) values (57, '5/25/2023', null, '6/01/2023', 0, 0, 455, 56);
insert into Borrowings (BorrowingID, BorrowDate, DueDate, ReturnDate, ExtensionDays, LateFee, CopyID, UserID) values (58, '5/12/2023', null, '6/2/2023', 0, 0, 423, 37);
insert into Borrowings (BorrowingID, BorrowDate, DueDate, ReturnDate, ExtensionDays, LateFee, CopyID, UserID) values (59, '9/24/2023', null, '2/17/2024', 0, 0, 11, 1);
insert into Borrowings (BorrowingID, BorrowDate, DueDate, ReturnDate, ExtensionDays, LateFee, CopyID, UserID) values (60, '9/20/2023', null, '2/13/2024', 0, 0, 451, 45);
insert into Borrowings (BorrowingID, BorrowDate, DueDate, ReturnDate, ExtensionDays, LateFee, CopyID, UserID) values (61, '1/8/2023', null, '9/22/2023', 0, 0, 516, 89);
insert into Borrowings (BorrowingID, BorrowDate, DueDate, ReturnDate, ExtensionDays, LateFee, CopyID, UserID) values (62, '7/5/2023', null, '7/30/2023', 0, 0, 951, 71);
insert into Borrowings (BorrowingID, BorrowDate, DueDate, ReturnDate, ExtensionDays, LateFee, CopyID, UserID) values (63, '5/7/2023', null, '9/14/2023', 0, 0, 50, 75);
insert into Borrowings (BorrowingID, BorrowDate, DueDate, ReturnDate, ExtensionDays, LateFee, CopyID, UserID) values (64, '8/8/2023', null, '10/13/2023', 0, 0, 962, 87);
insert into Borrowings (BorrowingID, BorrowDate, DueDate, ReturnDate, ExtensionDays, LateFee, CopyID, UserID) values (65, '3/26/2023', null, '4/7/2024', 0, 0, 221, 39);
insert into Borrowings (BorrowingID, BorrowDate, DueDate, ReturnDate, ExtensionDays, LateFee, CopyID, UserID) values (66, '1/31/2023', null, '11/10/2023', 0, 0, 719, 72);
insert into Borrowings (BorrowingID, BorrowDate, DueDate, ReturnDate, ExtensionDays, LateFee, CopyID, UserID) values (67, '8/21/2023', null, '11/20/2023', 0, 0, 853, 11);
insert into Borrowings (BorrowingID, BorrowDate, DueDate, ReturnDate, ExtensionDays, LateFee, CopyID, UserID) values (68, '10/31/2023', null, '12/27/2023', 0, 0, 574, 56);
insert into Borrowings (BorrowingID, BorrowDate, DueDate, ReturnDate, ExtensionDays, LateFee, CopyID, UserID) values (69, '7/5/2023', null, '9/15/2023', 0, 0, 559, 49);
insert into Borrowings (BorrowingID, BorrowDate, DueDate, ReturnDate, ExtensionDays, LateFee, CopyID, UserID) values (70, '2/7/2023', null, '3/23/2023', 0, 0, 117, 34);
insert into Borrowings (BorrowingID, BorrowDate, DueDate, ReturnDate, ExtensionDays, LateFee, CopyID, UserID) values (71, '10/6/2023', null, '11/11/2023', 0, 0, 136, 63);
insert into Borrowings (BorrowingID, BorrowDate, DueDate, ReturnDate, ExtensionDays, LateFee, CopyID, UserID) values (72, '4/26/2023', null, '9/17/2023', 0, 0, 976, 63);
insert into Borrowings (BorrowingID, BorrowDate, DueDate, ReturnDate, ExtensionDays, LateFee, CopyID, UserID) values (73, '6/26/2023', null, '6/28/2023', 0, 0, 514, 30);
insert into Borrowings (BorrowingID, BorrowDate, DueDate, ReturnDate, ExtensionDays, LateFee, CopyID, UserID) values (74, '4/19/2023', null, '4/25/2023', 0, 0, 823, 90);
insert into Borrowings (BorrowingID, BorrowDate, DueDate, ReturnDate, ExtensionDays, LateFee, CopyID, UserID) values (75, '12/28/2022', null, '2/14/2024', 0, 0, 58, 56);
insert into Borrowings (BorrowingID, BorrowDate, DueDate, ReturnDate, ExtensionDays, LateFee, CopyID, UserID) values (76, '5/23/2023', null, '7/7/2023', 0, 0, 935, 95);
insert into Borrowings (BorrowingID, BorrowDate, DueDate, ReturnDate, ExtensionDays, LateFee, CopyID, UserID) values (77, '12/5/2023', null, '1/14/2024', 0, 0, 596, 44);
insert into Borrowings (BorrowingID, BorrowDate, DueDate, ReturnDate, ExtensionDays, LateFee, CopyID, UserID) values (78, '9/30/2023', null, '5/23/2024', 0, 0, 306, 96);
insert into Borrowings (BorrowingID, BorrowDate, DueDate, ReturnDate, ExtensionDays, LateFee, CopyID, UserID) values (79, '5/16/2023', null, '8/3/2023', 0, 0, 422, 45);
insert into Borrowings (BorrowingID, BorrowDate, DueDate, ReturnDate, ExtensionDays, LateFee, CopyID, UserID) values (80, '12/9/2023', null, '1/3/2024', 0, 0, 958, 30);
insert into Borrowings (BorrowingID, BorrowDate, DueDate, ReturnDate, ExtensionDays, LateFee, CopyID, UserID) values (81, '1/4/2023', null, '6/19/2023', 0, 0, 561, 78);
insert into Borrowings (BorrowingID, BorrowDate, DueDate, ReturnDate, ExtensionDays, LateFee, CopyID, UserID) values (82, '10/29/2023', null, '12/28/2024', 0, 0, 785, 63);
insert into Borrowings (BorrowingID, BorrowDate, DueDate, ReturnDate, ExtensionDays, LateFee, CopyID, UserID) values (83, '1/16/2023', null, '5/15/2023', 0, 0, 308, 94);
insert into Borrowings (BorrowingID, BorrowDate, DueDate, ReturnDate, ExtensionDays, LateFee, CopyID, UserID) values (84, '3/19/2023', null, '5/27/2023', 0, 0, 296, 6);
insert into Borrowings (BorrowingID, BorrowDate, DueDate, ReturnDate, ExtensionDays, LateFee, CopyID, UserID) values (85, '4/18/2023', null, '2/22/2024', 0, 0, 235, 81);
insert into Borrowings (BorrowingID, BorrowDate, DueDate, ReturnDate, ExtensionDays, LateFee, CopyID, UserID) values (86, '11/4/2023', null, '12/30/2023', 0, 0, 811, 41);
insert into Borrowings (BorrowingID, BorrowDate, DueDate, ReturnDate, ExtensionDays, LateFee, CopyID, UserID) values (87, '11/28/2023', null, '12/15/2024', 0, 0, 974, 100);
insert into Borrowings (BorrowingID, BorrowDate, DueDate, ReturnDate, ExtensionDays, LateFee, CopyID, UserID) values (88, '11/10/2023', null, '12/10/2023', 0, 0, 615, 91);
insert into Borrowings (BorrowingID, BorrowDate, DueDate, ReturnDate, ExtensionDays, LateFee, CopyID, UserID) values (89, '6/22/2023', null, '12/31/2023', 0, 0, 362, 59);
insert into Borrowings (BorrowingID, BorrowDate, DueDate, ReturnDate, ExtensionDays, LateFee, CopyID, UserID) values (90, '4/6/2023', null, '2/19/2024', 0, 0, 702, 23);
insert into Borrowings (BorrowingID, BorrowDate, DueDate, ReturnDate, ExtensionDays, LateFee, CopyID, UserID) values (91, '12/6/2023', null, '12/30/2023', 0, 0, 98, 33);
insert into Borrowings (BorrowingID, BorrowDate, DueDate, ReturnDate, ExtensionDays, LateFee, CopyID, UserID) values (92, '12/21/2022', null, '1/18/2023', 0, 0, 581, 91);
insert into Borrowings (BorrowingID, BorrowDate, DueDate, ReturnDate, ExtensionDays, LateFee, CopyID, UserID) values (93, '5/23/2023', null, '7/6/2023', 0, 0, 756, 49);
insert into Borrowings (BorrowingID, BorrowDate, DueDate, ReturnDate, ExtensionDays, LateFee, CopyID, UserID) values (94, '2/27/2023', null, '6/2/2023', 0, 0, 630, 34);
insert into Borrowings (BorrowingID, BorrowDate, DueDate, ReturnDate, ExtensionDays, LateFee, CopyID, UserID) values (95, '10/1/2023', null, '11/26/2023', 0, 0, 144, 78);
insert into Borrowings (BorrowingID, BorrowDate, DueDate, ReturnDate, ExtensionDays, LateFee, CopyID, UserID) values (96, '8/26/2023', null, '12/31/2023', 0, 0, 703, 37);
insert into Borrowings (BorrowingID, BorrowDate, DueDate, ReturnDate, ExtensionDays, LateFee, CopyID, UserID) values (97, '5/29/2023', null, '8/24/2023', 0, 0, 960, 2);
insert into Borrowings (BorrowingID, BorrowDate, DueDate, ReturnDate, ExtensionDays, LateFee, CopyID, UserID) values (98, '5/20/2023', null, '9/25/2023', 0, 0, 179, 5);
insert into Borrowings (BorrowingID, BorrowDate, DueDate, ReturnDate, ExtensionDays, LateFee, CopyID, UserID) values (99, '3/25/2023', null, '8/3/2023', 0, 0, 135, 39);
insert into Borrowings (BorrowingID, BorrowDate, DueDate, ReturnDate, ExtensionDays, LateFee, CopyID, UserID) values (100, '10/16/2023', null, '12/1/2023', 0, 0, 174, 8);

